path	source_url
kev/CVE-2026-88779.txt	https://www.cisa.gov/sites/default/files/feeds/known_exploited_vulnerabilities.json
kev/CVE-2026-102490.txt	https://www.cisa.gov/sites/default/files/feeds/known_exploited_vulnerabilities.json
kev/CVE-2026-102489.txt	https://www.cisa.gov/sites/default/files/feeds/known_exploited_vulnerabilities.json
kev/CVE-2026-104286.txt	https://www.cisa.gov/sites/default/files/feeds/known_exploited_vulnerabilities.json
kev/CVE-2026-76504.txt	https://www.cisa.gov/sites/default/files/feeds/known_exploited_vulnerabilities.json
kev/CVE-2026-86950.txt	https://www.cisa.gov/sites/default/files/feeds/known_exploited_vulnerabilities.json
kev/CVE-2026-88772.txt	https://www.cisa.gov/sites/default/files/feeds/known_exploited_vulnerabilities.json
kev/CVE-2026-88771.txt	https://www.cisa.gov/sites/default/files/feeds/known_exploited_vulnerabilities.json
kev/CVE-2026-67279.txt	https://www.cisa.gov/sites/default/files/feeds/known_exploited_vulnerabilities.json
kev/CVE-2026-65660.txt	https://www.cisa.gov/sites/default/files/feeds/known_exploited_vulnerabilities.json
kev/CVE-2026-87902.txt	https://www.cisa.gov/sites/default/files/feeds/known_exploited_vulnerabilities.json
kev/CVE-2026-5430.txt	https://www.cisa.gov/sites/default/files/feeds/known_exploited_vulnerabilities.json
kev/CVE-2026-71362.txt	https://www.cisa.gov/sites/default/files/feeds/known_exploited_vulnerabilities.json
kev/CVE-2026-93952.txt	https://www.cisa.gov/sites/default/files/feeds/known_exploited_vulnerabilities.json
kev/CVE-2026-94127.txt	https://www.cisa.gov/sites/default/files/feeds/known_exploited_vulnerabilities.json
kev/CVE-2026-93616.txt	https://www.cisa.gov/sites/default/files/feeds/known_exploited_vulnerabilities.json
kev/CVE-2026-85102.txt	https://www.cisa.gov/sites/default/files/feeds/known_exploited_vulnerabilities.json
kev/CVE-2026-7273.txt	https://www.cisa.gov/sites/default/files/feeds/known_exploited_vulnerabilities.json
kev/CVE-2025-39964.txt	https://www.cisa.gov/sites/default/files/feeds/known_exploited_vulnerabilities.json
kev/CVE-2026-53266.txt	https://www.cisa.gov/sites/default/files/feeds/known_exploited_vulnerabilities.json
kev/CVE-2025-39682.txt	https://www.cisa.gov/sites/default/files/feeds/known_exploited_vulnerabilities.json
kev/CVE-2026-58704.txt	https://www.cisa.gov/sites/default/files/feeds/known_exploited_vulnerabilities.json
kev/CVE-2026-76460.txt	https://www.cisa.gov/sites/default/files/feeds/known_exploited_vulnerabilities.json
kev/CVE-2026-87886.txt	https://www.cisa.gov/sites/default/files/feeds/known_exploited_vulnerabilities.json
kev/CVE-2026-76461.txt	https://www.cisa.gov/sites/default/files/feeds/known_exploited_vulnerabilities.json
kev/CVE-2026-84869.txt	https://www.cisa.gov/sites/default/files/feeds/known_exploited_vulnerabilities.json
kev/CVE-2026-42016.txt	https://www.cisa.gov/sites/default/files/feeds/known_exploited_vulnerabilities.json
kev/CVE-2026-42018.txt	https://www.cisa.gov/sites/default/files/feeds/known_exploited_vulnerabilities.json
kev/CVE-2026-85706.txt	https://www.cisa.gov/sites/default/files/feeds/known_exploited_vulnerabilities.json
kev/CVE-2026-86060.txt	https://www.cisa.gov/sites/default/files/feeds/known_exploited_vulnerabilities.json
kev/CVE-2026-67277.txt	https://www.cisa.gov/sites/default/files/feeds/known_exploited_vulnerabilities.json
kev/CVE-2026-19490.txt	https://www.cisa.gov/sites/default/files/feeds/known_exploited_vulnerabilities.json
kev/CVE-2025-25249.txt	https://www.cisa.gov/sites/default/files/feeds/known_exploited_vulnerabilities.json
kev/CVE-2026-87491.txt	https://www.cisa.gov/sites/default/files/feeds/known_exploited_vulnerabilities.json
kev/CVE-2026-20079.txt	https://www.cisa.gov/sites/default/files/feeds/known_exploited_vulnerabilities.json
kev/CVE-2026-75650.txt	https://www.cisa.gov/sites/default/files/feeds/known_exploited_vulnerabilities.json
kev/CVE-2026-81963.txt	https://www.cisa.gov/sites/default/files/feeds/known_exploited_vulnerabilities.json
kev/CVE-2026-86218.txt	https://www.cisa.gov/sites/default/files/feeds/known_exploited_vulnerabilities.json
kev/CVE-2026-85880.txt	https://www.cisa.gov/sites/default/files/feeds/known_exploited_vulnerabilities.json
kev/CVE-2026-85046.txt	https://www.cisa.gov/sites/default/files/feeds/known_exploited_vulnerabilities.json
kev/CVE-2026-59822.txt	https://www.cisa.gov/sites/default/files/feeds/known_exploited_vulnerabilities.json
kev/CVE-2026-48710.txt	https://www.cisa.gov/sites/default/files/feeds/known_exploited_vulnerabilities.json
kev/CVE-2026-49869.txt	https://www.cisa.gov/sites/default/files/feeds/known_exploited_vulnerabilities.json
kev/CVE-2026-82329.txt	https://www.cisa.gov/sites/default/files/feeds/known_exploited_vulnerabilities.json
kev/CVE-2026-9586.txt	https://www.cisa.gov/sites/default/files/feeds/known_exploited_vulnerabilities.json
kev/CVE-2026-83548.txt	https://www.cisa.gov/sites/default/files/feeds/known_exploited_vulnerabilities.json
kev/CVE-2026-83549.txt	https://www.cisa.gov/sites/default/files/feeds/known_exploited_vulnerabilities.json
kev/CVE-2026-82078.txt	https://www.cisa.gov/sites/default/files/feeds/known_exploited_vulnerabilities.json
kev/CVE-2026-81578.txt	https://www.cisa.gov/sites/default/files/feeds/known_exploited_vulnerabilities.json
kev/CVE-2023-49105.txt	https://www.cisa.gov/sites/default/files/feeds/known_exploited_vulnerabilities.json
kev/CVE-2026-53362.txt	https://www.cisa.gov/sites/default/files/feeds/known_exploited_vulnerabilities.json
kev/CVE-2026-66384.txt	https://www.cisa.gov/sites/default/files/feeds/known_exploited_vulnerabilities.json
kev/CVE-2021-23758.txt	https://www.cisa.gov/sites/default/files/feeds/known_exploited_vulnerabilities.json
kev/CVE-2015-3246.txt	https://www.cisa.gov/sites/default/files/feeds/known_exploited_vulnerabilities.json
kev/CVE-2015-5287.txt	https://www.cisa.gov/sites/default/files/feeds/known_exploited_vulnerabilities.json
kev/CVE-2022-0995.txt	https://www.cisa.gov/sites/default/files/feeds/known_exploited_vulnerabilities.json
kev/CVE-2026-8452.txt	https://www.cisa.gov/sites/default/files/feeds/known_exploited_vulnerabilities.json
kev/CVE-2019-1068.txt	https://www.cisa.gov/sites/default/files/feeds/known_exploited_vulnerabilities.json
kev/CVE-2026-60004.txt	https://www.cisa.gov/sites/default/files/feeds/known_exploited_vulnerabilities.json
kev/CVE-2026-21962.txt	https://www.cisa.gov/sites/default/files/feeds/known_exploited_vulnerabilities.json
kev/CVE-2026-73570.txt	https://www.cisa.gov/sites/default/files/feeds/known_exploited_vulnerabilities.json
kev/CVE-2026-72530.txt	https://www.cisa.gov/sites/default/files/feeds/known_exploited_vulnerabilities.json
kev/CVE-2026-72529.txt	https://www.cisa.gov/sites/default/files/feeds/known_exploited_vulnerabilities.json
kev/CVE-2026-64849.txt	https://www.cisa.gov/sites/default/files/feeds/known_exploited_vulnerabilities.json
kev/CVE-2026-33824.txt	https://www.cisa.gov/sites/default/files/feeds/known_exploited_vulnerabilities.json
kev/CVE-2026-59310.txt	https://www.cisa.gov/sites/default/files/feeds/known_exploited_vulnerabilities.json
kev/CVE-2026-55040.txt	https://www.cisa.gov/sites/default/files/feeds/known_exploited_vulnerabilities.json
kev/CVE-2026-65400.txt	https://www.cisa.gov/sites/default/files/feeds/known_exploited_vulnerabilities.json
kev/CVE-2025-62593.txt	https://www.cisa.gov/sites/default/files/feeds/known_exploited_vulnerabilities.json
kev/CVE-2026-20349.txt	https://www.cisa.gov/sites/default/files/feeds/known_exploited_vulnerabilities.json
kev/CVE-2026-68820.txt	https://www.cisa.gov/sites/default/files/feeds/known_exploited_vulnerabilities.json
kev/CVE-2026-72898.txt	https://www.cisa.gov/sites/default/files/feeds/known_exploited_vulnerabilities.json
kev/CVE-2026-8037.txt	https://www.cisa.gov/sites/default/files/feeds/known_exploited_vulnerabilities.json
kev/CVE-2026-63077.txt	https://www.cisa.gov/sites/default/files/feeds/known_exploited_vulnerabilities.json
kev/CVE-2026-18556.txt	https://www.cisa.gov/sites/default/files/feeds/known_exploited_vulnerabilities.json
kev/CVE-2026-34486.txt	https://www.cisa.gov/sites/default/files/feeds/known_exploited_vulnerabilities.json
kev/CVE-2026-9198.txt	https://www.cisa.gov/sites/default/files/feeds/known_exploited_vulnerabilities.json
kev/CVE-2026-18577.txt	https://www.cisa.gov/sites/default/files/feeds/known_exploited_vulnerabilities.json
kev/CVE-2026-20316.txt	https://www.cisa.gov/sites/default/files/feeds/known_exploited_vulnerabilities.json
kev/CVE-2025-68686.txt	https://www.cisa.gov/sites/default/files/feeds/known_exploited_vulnerabilities.json
kev/CVE-2026-16812.txt	https://www.cisa.gov/sites/default/files/feeds/known_exploited_vulnerabilities.json
kev/CVE-2026-16232.txt	https://www.cisa.gov/sites/default/files/feeds/known_exploited_vulnerabilities.json
kev/CVE-2026-50522.txt	https://www.cisa.gov/sites/default/files/feeds/known_exploited_vulnerabilities.json
kev/CVE-2026-60137.txt	https://www.cisa.gov/sites/default/files/feeds/known_exploited_vulnerabilities.json
kev/CVE-2026-63030.txt	https://www.cisa.gov/sites/default/files/feeds/known_exploited_vulnerabilities.json
kev/CVE-2026-0770.txt	https://www.cisa.gov/sites/default/files/feeds/known_exploited_vulnerabilities.json
kev/CVE-2021-27137.txt	https://www.cisa.gov/sites/default/files/feeds/known_exploited_vulnerabilities.json
kev/CVE-2026-58644.txt	https://www.cisa.gov/sites/default/files/feeds/known_exploited_vulnerabilities.json
kev/CVE-2026-25089.txt	https://www.cisa.gov/sites/default/files/feeds/known_exploited_vulnerabilities.json
kev/CVE-2026-39808.txt	https://www.cisa.gov/sites/default/files/feeds/known_exploited_vulnerabilities.json
kev/CVE-2026-46817.txt	https://www.cisa.gov/sites/default/files/feeds/known_exploited_vulnerabilities.json
kev/CVE-2023-4346.txt	https://www.cisa.gov/sites/default/files/feeds/known_exploited_vulnerabilities.json
kev/CVE-2026-56155.txt	https://www.cisa.gov/sites/default/files/feeds/known_exploited_vulnerabilities.json
kev/CVE-2026-56164.txt	https://www.cisa.gov/sites/default/files/feeds/known_exploited_vulnerabilities.json
kev/CVE-2026-15409.txt	https://www.cisa.gov/sites/default/files/feeds/known_exploited_vulnerabilities.json
kev/CVE-2026-15410.txt	https://www.cisa.gov/sites/default/files/feeds/known_exploited_vulnerabilities.json
kev/CVE-2008-4128.txt	https://www.cisa.gov/sites/default/files/feeds/known_exploited_vulnerabilities.json
kev/CVE-2026-56291.txt	https://www.cisa.gov/sites/default/files/feeds/known_exploited_vulnerabilities.json
kev/CVE-2026-48939.txt	https://www.cisa.gov/sites/default/files/feeds/known_exploited_vulnerabilities.json
kev/CVE-2026-48908.txt	https://www.cisa.gov/sites/default/files/feeds/known_exploited_vulnerabilities.json
kev/CVE-2026-55255.txt	https://www.cisa.gov/sites/default/files/feeds/known_exploited_vulnerabilities.json
kev/CVE-2026-56290.txt	https://www.cisa.gov/sites/default/files/feeds/known_exploited_vulnerabilities.json
kev/CVE-2026-48282.txt	https://www.cisa.gov/sites/default/files/feeds/known_exploited_vulnerabilities.json
kev/CVE-2026-45659.txt	https://www.cisa.gov/sites/default/files/feeds/known_exploited_vulnerabilities.json
kev/CVE-2026-48558.txt	https://www.cisa.gov/sites/default/files/feeds/known_exploited_vulnerabilities.json
kev/CVE-2026-12569.txt	https://www.cisa.gov/sites/default/files/feeds/known_exploited_vulnerabilities.json
kev/CVE-2026-20230.txt	https://www.cisa.gov/sites/default/files/feeds/known_exploited_vulnerabilities.json
kev/CVE-2025-67038.txt	https://www.cisa.gov/sites/default/files/feeds/known_exploited_vulnerabilities.json
kev/CVE-2026-34910.txt	https://www.cisa.gov/sites/default/files/feeds/known_exploited_vulnerabilities.json
kev/CVE-2026-34909.txt	https://www.cisa.gov/sites/default/files/feeds/known_exploited_vulnerabilities.json
kev/CVE-2026-34908.txt	https://www.cisa.gov/sites/default/files/feeds/known_exploited_vulnerabilities.json
kev/CVE-2026-20253.txt	https://www.cisa.gov/sites/default/files/feeds/known_exploited_vulnerabilities.json
kev/CVE-2026-48907.txt	https://www.cisa.gov/sites/default/files/feeds/known_exploited_vulnerabilities.json
kev/CVE-2026-54420.txt	https://www.cisa.gov/sites/default/files/feeds/known_exploited_vulnerabilities.json
kev/CVE-2026-20262.txt	https://www.cisa.gov/sites/default/files/feeds/known_exploited_vulnerabilities.json
kev/CVE-2026-35273.txt	https://www.cisa.gov/sites/default/files/feeds/known_exploited_vulnerabilities.json
kev/CVE-2026-10520.txt	https://www.cisa.gov/sites/default/files/feeds/known_exploited_vulnerabilities.json
kev/CVE-2026-11645.txt	https://www.cisa.gov/sites/default/files/feeds/known_exploited_vulnerabilities.json
kev/CVE-2026-7473.txt	https://www.cisa.gov/sites/default/files/feeds/known_exploited_vulnerabilities.json
kev/CVE-2026-20245.txt	https://www.cisa.gov/sites/default/files/feeds/known_exploited_vulnerabilities.json
kev/CVE-2026-42271.txt	https://www.cisa.gov/sites/default/files/feeds/known_exploited_vulnerabilities.json
kev/CVE-2026-50751.txt	https://www.cisa.gov/sites/default/files/feeds/known_exploited_vulnerabilities.json
kev/CVE-2026-28318.txt	https://www.cisa.gov/sites/default/files/feeds/known_exploited_vulnerabilities.json
kev/CVE-2026-45247.txt	https://www.cisa.gov/sites/default/files/feeds/known_exploited_vulnerabilities.json
kev/CVE-2022-0492.txt	https://www.cisa.gov/sites/default/files/feeds/known_exploited_vulnerabilities.json
kev/CVE-2025-48595.txt	https://www.cisa.gov/sites/default/files/feeds/known_exploited_vulnerabilities.json
kev/CVE-2024-21182.txt	https://www.cisa.gov/sites/default/files/feeds/known_exploited_vulnerabilities.json
kev/CVE-2026-0257.txt	https://www.cisa.gov/sites/default/files/feeds/known_exploited_vulnerabilities.json
kev/CVE-2026-48027.txt	https://www.cisa.gov/sites/default/files/feeds/known_exploited_vulnerabilities.json
kev/CVE-2026-45321.txt	https://www.cisa.gov/sites/default/files/feeds/known_exploited_vulnerabilities.json
kev/CVE-2026-8398.txt	https://www.cisa.gov/sites/default/files/feeds/known_exploited_vulnerabilities.json
kev/CVE-2026-48172.txt	https://www.cisa.gov/sites/default/files/feeds/known_exploited_vulnerabilities.json
kev/CVE-2026-9082.txt	https://www.cisa.gov/sites/default/files/feeds/known_exploited_vulnerabilities.json
kev/CVE-2025-34291.txt	https://www.cisa.gov/sites/default/files/feeds/known_exploited_vulnerabilities.json
kev/CVE-2026-34926.txt	https://www.cisa.gov/sites/default/files/feeds/known_exploited_vulnerabilities.json
kev/CVE-2008-4250.txt	https://www.cisa.gov/sites/default/files/feeds/known_exploited_vulnerabilities.json
kev/CVE-2009-1537.txt	https://www.cisa.gov/sites/default/files/feeds/known_exploited_vulnerabilities.json
kev/CVE-2009-3459.txt	https://www.cisa.gov/sites/default/files/feeds/known_exploited_vulnerabilities.json
kev/CVE-2010-0249.txt	https://www.cisa.gov/sites/default/files/feeds/known_exploited_vulnerabilities.json
kev/CVE-2010-0806.txt	https://www.cisa.gov/sites/default/files/feeds/known_exploited_vulnerabilities.json
kev/CVE-2026-41091.txt	https://www.cisa.gov/sites/default/files/feeds/known_exploited_vulnerabilities.json
kev/CVE-2026-45498.txt	https://www.cisa.gov/sites/default/files/feeds/known_exploited_vulnerabilities.json
kev/CVE-2026-42897.txt	https://www.cisa.gov/sites/default/files/feeds/known_exploited_vulnerabilities.json
kev/CVE-2026-20182.txt	https://www.cisa.gov/sites/default/files/feeds/known_exploited_vulnerabilities.json
kev/CVE-2026-42208.txt	https://www.cisa.gov/sites/default/files/feeds/known_exploited_vulnerabilities.json
kev/CVE-2026-6973.txt	https://www.cisa.gov/sites/default/files/feeds/known_exploited_vulnerabilities.json
kev/CVE-2026-0300.txt	https://www.cisa.gov/sites/default/files/feeds/known_exploited_vulnerabilities.json
kev/CVE-2026-31431.txt	https://www.cisa.gov/sites/default/files/feeds/known_exploited_vulnerabilities.json
kev/CVE-2026-41940.txt	https://www.cisa.gov/sites/default/files/feeds/known_exploited_vulnerabilities.json
kev/CVE-2024-1708.txt	https://www.cisa.gov/sites/default/files/feeds/known_exploited_vulnerabilities.json
kev/CVE-2026-32202.txt	https://www.cisa.gov/sites/default/files/feeds/known_exploited_vulnerabilities.json
kev/CVE-2025-29635.txt	https://www.cisa.gov/sites/default/files/feeds/known_exploited_vulnerabilities.json
kev/CVE-2024-7399.txt	https://www.cisa.gov/sites/default/files/feeds/known_exploited_vulnerabilities.json
kev/CVE-2024-57728.txt	https://www.cisa.gov/sites/default/files/feeds/known_exploited_vulnerabilities.json
kev/CVE-2024-57726.txt	https://www.cisa.gov/sites/default/files/feeds/known_exploited_vulnerabilities.json
kev/CVE-2026-39987.txt	https://www.cisa.gov/sites/default/files/feeds/known_exploited_vulnerabilities.json
kev/CVE-2026-33825.txt	https://www.cisa.gov/sites/default/files/feeds/known_exploited_vulnerabilities.json
kev/CVE-2026-20122.txt	https://www.cisa.gov/sites/default/files/feeds/known_exploited_vulnerabilities.json
kev/CVE-2026-20133.txt	https://www.cisa.gov/sites/default/files/feeds/known_exploited_vulnerabilities.json
kev/CVE-2025-2749.txt	https://www.cisa.gov/sites/default/files/feeds/known_exploited_vulnerabilities.json
kev/CVE-2023-27351.txt	https://www.cisa.gov/sites/default/files/feeds/known_exploited_vulnerabilities.json
kev/CVE-2025-48700.txt	https://www.cisa.gov/sites/default/files/feeds/known_exploited_vulnerabilities.json
kev/CVE-2026-20128.txt	https://www.cisa.gov/sites/default/files/feeds/known_exploited_vulnerabilities.json
kev/CVE-2025-32975.txt	https://www.cisa.gov/sites/default/files/feeds/known_exploited_vulnerabilities.json
kev/CVE-2024-27199.txt	https://www.cisa.gov/sites/default/files/feeds/known_exploited_vulnerabilities.json
kev/CVE-2026-34197.txt	https://www.cisa.gov/sites/default/files/feeds/known_exploited_vulnerabilities.json
kev/CVE-2009-0238.txt	https://www.cisa.gov/sites/default/files/feeds/known_exploited_vulnerabilities.json
kev/CVE-2026-32201.txt	https://www.cisa.gov/sites/default/files/feeds/known_exploited_vulnerabilities.json
kev/CVE-2012-1854.txt	https://www.cisa.gov/sites/default/files/feeds/known_exploited_vulnerabilities.json
kev/CVE-2025-60710.txt	https://www.cisa.gov/sites/default/files/feeds/known_exploited_vulnerabilities.json
kev/CVE-2023-21529.txt	https://www.cisa.gov/sites/default/files/feeds/known_exploited_vulnerabilities.json
kev/CVE-2023-36424.txt	https://www.cisa.gov/sites/default/files/feeds/known_exploited_vulnerabilities.json
kev/CVE-2020-9715.txt	https://www.cisa.gov/sites/default/files/feeds/known_exploited_vulnerabilities.json
kev/CVE-2026-21643.txt	https://www.cisa.gov/sites/default/files/feeds/known_exploited_vulnerabilities.json
kev/CVE-2026-34621.txt	https://www.cisa.gov/sites/default/files/feeds/known_exploited_vulnerabilities.json
kev/CVE-2026-1340.txt	https://www.cisa.gov/sites/default/files/feeds/known_exploited_vulnerabilities.json
kev/CVE-2026-35616.txt	https://www.cisa.gov/sites/default/files/feeds/known_exploited_vulnerabilities.json
kev/CVE-2026-3502.txt	https://www.cisa.gov/sites/default/files/feeds/known_exploited_vulnerabilities.json
kev/CVE-2026-5281.txt	https://www.cisa.gov/sites/default/files/feeds/known_exploited_vulnerabilities.json
kev/CVE-2026-3055.txt	https://www.cisa.gov/sites/default/files/feeds/known_exploited_vulnerabilities.json
kev/CVE-2025-53521.txt	https://www.cisa.gov/sites/default/files/feeds/known_exploited_vulnerabilities.json
kev/CVE-2026-33634.txt	https://www.cisa.gov/sites/default/files/feeds/known_exploited_vulnerabilities.json
kev/CVE-2026-33017.txt	https://www.cisa.gov/sites/default/files/feeds/known_exploited_vulnerabilities.json
kev/CVE-2025-32432.txt	https://www.cisa.gov/sites/default/files/feeds/known_exploited_vulnerabilities.json
kev/CVE-2025-54068.txt	https://www.cisa.gov/sites/default/files/feeds/known_exploited_vulnerabilities.json
kev/CVE-2025-43510.txt	https://www.cisa.gov/sites/default/files/feeds/known_exploited_vulnerabilities.json
kev/CVE-2025-43520.txt	https://www.cisa.gov/sites/default/files/feeds/known_exploited_vulnerabilities.json
kev/CVE-2025-31277.txt	https://www.cisa.gov/sites/default/files/feeds/known_exploited_vulnerabilities.json
kev/CVE-2026-20131.txt	https://www.cisa.gov/sites/default/files/feeds/known_exploited_vulnerabilities.json
kev/CVE-2025-66376.txt	https://www.cisa.gov/sites/default/files/feeds/known_exploited_vulnerabilities.json
kev/CVE-2026-20963.txt	https://www.cisa.gov/sites/default/files/feeds/known_exploited_vulnerabilities.json
kev/CVE-2025-47813.txt	https://www.cisa.gov/sites/default/files/feeds/known_exploited_vulnerabilities.json
kev/CVE-2026-3910.txt	https://www.cisa.gov/sites/default/files/feeds/known_exploited_vulnerabilities.json
kev/CVE-2026-3909.txt	https://www.cisa.gov/sites/default/files/feeds/known_exploited_vulnerabilities.json
kev/CVE-2025-68613.txt	https://www.cisa.gov/sites/default/files/feeds/known_exploited_vulnerabilities.json
kev/CVE-2021-22054.txt	https://www.cisa.gov/sites/default/files/feeds/known_exploited_vulnerabilities.json
kev/CVE-2025-26399.txt	https://www.cisa.gov/sites/default/files/feeds/known_exploited_vulnerabilities.json
kev/CVE-2026-1603.txt	https://www.cisa.gov/sites/default/files/feeds/known_exploited_vulnerabilities.json
kev/CVE-2017-7921.txt	https://www.cisa.gov/sites/default/files/feeds/known_exploited_vulnerabilities.json
kev/CVE-2021-22681.txt	https://www.cisa.gov/sites/default/files/feeds/known_exploited_vulnerabilities.json
kev/CVE-2023-43000.txt	https://www.cisa.gov/sites/default/files/feeds/known_exploited_vulnerabilities.json
kev/CVE-2021-30952.txt	https://www.cisa.gov/sites/default/files/feeds/known_exploited_vulnerabilities.json
kev/CVE-2023-41974.txt	https://www.cisa.gov/sites/default/files/feeds/known_exploited_vulnerabilities.json
kev/CVE-2026-22719.txt	https://www.cisa.gov/sites/default/files/feeds/known_exploited_vulnerabilities.json
kev/CVE-2026-21385.txt	https://www.cisa.gov/sites/default/files/feeds/known_exploited_vulnerabilities.json
kev/CVE-2022-20775.txt	https://www.cisa.gov/sites/default/files/feeds/known_exploited_vulnerabilities.json
kev/CVE-2026-20127.txt	https://www.cisa.gov/sites/default/files/feeds/known_exploited_vulnerabilities.json
kev/CVE-2026-25108.txt	https://www.cisa.gov/sites/default/files/feeds/known_exploited_vulnerabilities.json
kev/CVE-2025-49113.txt	https://www.cisa.gov/sites/default/files/feeds/known_exploited_vulnerabilities.json
kev/CVE-2025-68461.txt	https://www.cisa.gov/sites/default/files/feeds/known_exploited_vulnerabilities.json
kev/CVE-2021-22175.txt	https://www.cisa.gov/sites/default/files/feeds/known_exploited_vulnerabilities.json
kev/CVE-2026-22769.txt	https://www.cisa.gov/sites/default/files/feeds/known_exploited_vulnerabilities.json
kev/CVE-2020-7796.txt	https://www.cisa.gov/sites/default/files/feeds/known_exploited_vulnerabilities.json
kev/CVE-2024-7694.txt	https://www.cisa.gov/sites/default/files/feeds/known_exploited_vulnerabilities.json
kev/CVE-2008-0015.txt	https://www.cisa.gov/sites/default/files/feeds/known_exploited_vulnerabilities.json
kev/CVE-2026-2441.txt	https://www.cisa.gov/sites/default/files/feeds/known_exploited_vulnerabilities.json
kev/CVE-2026-1731.txt	https://www.cisa.gov/sites/default/files/feeds/known_exploited_vulnerabilities.json
kev/CVE-2026-20700.txt	https://www.cisa.gov/sites/default/files/feeds/known_exploited_vulnerabilities.json
kev/CVE-2024-43468.txt	https://www.cisa.gov/sites/default/files/feeds/known_exploited_vulnerabilities.json
kev/CVE-2025-15556.txt	https://www.cisa.gov/sites/default/files/feeds/known_exploited_vulnerabilities.json
kev/CVE-2025-40536.txt	https://www.cisa.gov/sites/default/files/feeds/known_exploited_vulnerabilities.json
kev/CVE-2026-21513.txt	https://www.cisa.gov/sites/default/files/feeds/known_exploited_vulnerabilities.json
kev/CVE-2026-21525.txt	https://www.cisa.gov/sites/default/files/feeds/known_exploited_vulnerabilities.json
kev/CVE-2026-21510.txt	https://www.cisa.gov/sites/default/files/feeds/known_exploited_vulnerabilities.json
kev/CVE-2026-21533.txt	https://www.cisa.gov/sites/default/files/feeds/known_exploited_vulnerabilities.json
kev/CVE-2026-21519.txt	https://www.cisa.gov/sites/default/files/feeds/known_exploited_vulnerabilities.json
kev/CVE-2026-21514.txt	https://www.cisa.gov/sites/default/files/feeds/known_exploited_vulnerabilities.json
kev/CVE-2025-11953.txt	https://www.cisa.gov/sites/default/files/feeds/known_exploited_vulnerabilities.json
kev/CVE-2026-24423.txt	https://www.cisa.gov/sites/default/files/feeds/known_exploited_vulnerabilities.json
kev/CVE-2021-39935.txt	https://www.cisa.gov/sites/default/files/feeds/known_exploited_vulnerabilities.json
kev/CVE-2025-64328.txt	https://www.cisa.gov/sites/default/files/feeds/known_exploited_vulnerabilities.json
kev/CVE-2019-19006.txt	https://www.cisa.gov/sites/default/files/feeds/known_exploited_vulnerabilities.json
kev/CVE-2025-40551.txt	https://www.cisa.gov/sites/default/files/feeds/known_exploited_vulnerabilities.json
kev/CVE-2026-1281.txt	https://www.cisa.gov/sites/default/files/feeds/known_exploited_vulnerabilities.json
kev/CVE-2026-24858.txt	https://www.cisa.gov/sites/default/files/feeds/known_exploited_vulnerabilities.json
kev/CVE-2018-14634.txt	https://www.cisa.gov/sites/default/files/feeds/known_exploited_vulnerabilities.json
kev/CVE-2025-52691.txt	https://www.cisa.gov/sites/default/files/feeds/known_exploited_vulnerabilities.json
kev/CVE-2026-23760.txt	https://www.cisa.gov/sites/default/files/feeds/known_exploited_vulnerabilities.json
kev/CVE-2026-24061.txt	https://www.cisa.gov/sites/default/files/feeds/known_exploited_vulnerabilities.json
kev/CVE-2026-21509.txt	https://www.cisa.gov/sites/default/files/feeds/known_exploited_vulnerabilities.json
kev/CVE-2024-37079.txt	https://www.cisa.gov/sites/default/files/feeds/known_exploited_vulnerabilities.json
kev/CVE-2025-68645.txt	https://www.cisa.gov/sites/default/files/feeds/known_exploited_vulnerabilities.json
kev/CVE-2025-34026.txt	https://www.cisa.gov/sites/default/files/feeds/known_exploited_vulnerabilities.json
kev/CVE-2025-31125.txt	https://www.cisa.gov/sites/default/files/feeds/known_exploited_vulnerabilities.json
kev/CVE-2025-54313.txt	https://www.cisa.gov/sites/default/files/feeds/known_exploited_vulnerabilities.json
kev/CVE-2026-20045.txt	https://www.cisa.gov/sites/default/files/feeds/known_exploited_vulnerabilities.json
kev/CVE-2026-20805.txt	https://www.cisa.gov/sites/default/files/feeds/known_exploited_vulnerabilities.json
kev/CVE-2025-8110.txt	https://www.cisa.gov/sites/default/files/feeds/known_exploited_vulnerabilities.json
kev/CVE-2009-0556.txt	https://www.cisa.gov/sites/default/files/feeds/known_exploited_vulnerabilities.json
kev/CVE-2025-37164.txt	https://www.cisa.gov/sites/default/files/feeds/known_exploited_vulnerabilities.json
kev/CVE-2025-14847.txt	https://www.cisa.gov/sites/default/files/feeds/known_exploited_vulnerabilities.json
kev/CVE-2023-52163.txt	https://www.cisa.gov/sites/default/files/feeds/known_exploited_vulnerabilities.json
kev/CVE-2025-14733.txt	https://www.cisa.gov/sites/default/files/feeds/known_exploited_vulnerabilities.json
kev/CVE-2025-59374.txt	https://www.cisa.gov/sites/default/files/feeds/known_exploited_vulnerabilities.json
kev/CVE-2025-40602.txt	https://www.cisa.gov/sites/default/files/feeds/known_exploited_vulnerabilities.json
kev/CVE-2025-20393.txt	https://www.cisa.gov/sites/default/files/feeds/known_exploited_vulnerabilities.json
kev/CVE-2025-59718.txt	https://www.cisa.gov/sites/default/files/feeds/known_exploited_vulnerabilities.json
kev/CVE-2025-14611.txt	https://www.cisa.gov/sites/default/files/feeds/known_exploited_vulnerabilities.json
kev/CVE-2025-43529.txt	https://www.cisa.gov/sites/default/files/feeds/known_exploited_vulnerabilities.json
kev/CVE-2018-4063.txt	https://www.cisa.gov/sites/default/files/feeds/known_exploited_vulnerabilities.json
kev/CVE-2025-14174.txt	https://www.cisa.gov/sites/default/files/feeds/known_exploited_vulnerabilities.json
kev/CVE-2025-58360.txt	https://www.cisa.gov/sites/default/files/feeds/known_exploited_vulnerabilities.json
kev/CVE-2025-6218.txt	https://www.cisa.gov/sites/default/files/feeds/known_exploited_vulnerabilities.json
kev/CVE-2025-62221.txt	https://www.cisa.gov/sites/default/files/feeds/known_exploited_vulnerabilities.json
kev/CVE-2022-37055.txt	https://www.cisa.gov/sites/default/files/feeds/known_exploited_vulnerabilities.json
kev/CVE-2025-66644.txt	https://www.cisa.gov/sites/default/files/feeds/known_exploited_vulnerabilities.json
kev/CVE-2025-55182.txt	https://www.cisa.gov/sites/default/files/feeds/known_exploited_vulnerabilities.json
kev/CVE-2021-26828.txt	https://www.cisa.gov/sites/default/files/feeds/known_exploited_vulnerabilities.json
kev/CVE-2025-48633.txt	https://www.cisa.gov/sites/default/files/feeds/known_exploited_vulnerabilities.json
kev/CVE-2025-48572.txt	https://www.cisa.gov/sites/default/files/feeds/known_exploited_vulnerabilities.json
kev/CVE-2021-26829.txt	https://www.cisa.gov/sites/default/files/feeds/known_exploited_vulnerabilities.json
kev/CVE-2025-61757.txt	https://www.cisa.gov/sites/default/files/feeds/known_exploited_vulnerabilities.json
kev/CVE-2025-13223.txt	https://www.cisa.gov/sites/default/files/feeds/known_exploited_vulnerabilities.json
kev/CVE-2025-58034.txt	https://www.cisa.gov/sites/default/files/feeds/known_exploited_vulnerabilities.json
kev/CVE-2025-64446.txt	https://www.cisa.gov/sites/default/files/feeds/known_exploited_vulnerabilities.json
kev/CVE-2025-12480.txt	https://www.cisa.gov/sites/default/files/feeds/known_exploited_vulnerabilities.json
kev/CVE-2025-62215.txt	https://www.cisa.gov/sites/default/files/feeds/known_exploited_vulnerabilities.json
kev/CVE-2025-9242.txt	https://www.cisa.gov/sites/default/files/feeds/known_exploited_vulnerabilities.json
kev/CVE-2025-21042.txt	https://www.cisa.gov/sites/default/files/feeds/known_exploited_vulnerabilities.json
kev/CVE-2025-48703.txt	https://www.cisa.gov/sites/default/files/feeds/known_exploited_vulnerabilities.json
kev/CVE-2025-11371.txt	https://www.cisa.gov/sites/default/files/feeds/known_exploited_vulnerabilities.json
kev/CVE-2025-41244.txt	https://www.cisa.gov/sites/default/files/feeds/known_exploited_vulnerabilities.json
kev/CVE-2025-24893.txt	https://www.cisa.gov/sites/default/files/feeds/known_exploited_vulnerabilities.json
kev/CVE-2025-6204.txt	https://www.cisa.gov/sites/default/files/feeds/known_exploited_vulnerabilities.json
kev/CVE-2025-6205.txt	https://www.cisa.gov/sites/default/files/feeds/known_exploited_vulnerabilities.json
kev/CVE-2025-54236.txt	https://www.cisa.gov/sites/default/files/feeds/known_exploited_vulnerabilities.json
kev/CVE-2025-59287.txt	https://www.cisa.gov/sites/default/files/feeds/known_exploited_vulnerabilities.json
kev/CVE-2025-61932.txt	https://www.cisa.gov/sites/default/files/feeds/known_exploited_vulnerabilities.json
kev/CVE-2022-48503.txt	https://www.cisa.gov/sites/default/files/feeds/known_exploited_vulnerabilities.json
kev/CVE-2025-2746.txt	https://www.cisa.gov/sites/default/files/feeds/known_exploited_vulnerabilities.json
kev/CVE-2025-2747.txt	https://www.cisa.gov/sites/default/files/feeds/known_exploited_vulnerabilities.json
kev/CVE-2025-33073.txt	https://www.cisa.gov/sites/default/files/feeds/known_exploited_vulnerabilities.json
kev/CVE-2025-61884.txt	https://www.cisa.gov/sites/default/files/feeds/known_exploited_vulnerabilities.json
kev/CVE-2025-54253.txt	https://www.cisa.gov/sites/default/files/feeds/known_exploited_vulnerabilities.json
kev/CVE-2025-47827.txt	https://www.cisa.gov/sites/default/files/feeds/known_exploited_vulnerabilities.json
kev/CVE-2025-24990.txt	https://www.cisa.gov/sites/default/files/feeds/known_exploited_vulnerabilities.json
kev/CVE-2025-59230.txt	https://www.cisa.gov/sites/default/files/feeds/known_exploited_vulnerabilities.json
kev/CVE-2016-7836.txt	https://www.cisa.gov/sites/default/files/feeds/known_exploited_vulnerabilities.json
kev/CVE-2021-43798.txt	https://www.cisa.gov/sites/default/files/feeds/known_exploited_vulnerabilities.json
kev/CVE-2025-27915.txt	https://www.cisa.gov/sites/default/files/feeds/known_exploited_vulnerabilities.json
kev/CVE-2021-22555.txt	https://www.cisa.gov/sites/default/files/feeds/known_exploited_vulnerabilities.json
kev/CVE-2010-3962.txt	https://www.cisa.gov/sites/default/files/feeds/known_exploited_vulnerabilities.json
kev/CVE-2021-43226.txt	https://www.cisa.gov/sites/default/files/feeds/known_exploited_vulnerabilities.json
kev/CVE-2013-3918.txt	https://www.cisa.gov/sites/default/files/feeds/known_exploited_vulnerabilities.json
kev/CVE-2011-3402.txt	https://www.cisa.gov/sites/default/files/feeds/known_exploited_vulnerabilities.json
kev/CVE-2010-3765.txt	https://www.cisa.gov/sites/default/files/feeds/known_exploited_vulnerabilities.json
kev/CVE-2025-61882.txt	https://www.cisa.gov/sites/default/files/feeds/known_exploited_vulnerabilities.json
kev/CVE-2014-6278.txt	https://www.cisa.gov/sites/default/files/feeds/known_exploited_vulnerabilities.json
kev/CVE-2017-1000353.txt	https://www.cisa.gov/sites/default/files/feeds/known_exploited_vulnerabilities.json
kev/CVE-2015-7755.txt	https://www.cisa.gov/sites/default/files/feeds/known_exploited_vulnerabilities.json
kev/CVE-2025-21043.txt	https://www.cisa.gov/sites/default/files/feeds/known_exploited_vulnerabilities.json
kev/CVE-2025-4008.txt	https://www.cisa.gov/sites/default/files/feeds/known_exploited_vulnerabilities.json
kev/CVE-2025-32463.txt	https://www.cisa.gov/sites/default/files/feeds/known_exploited_vulnerabilities.json
kev/CVE-2025-59689.txt	https://www.cisa.gov/sites/default/files/feeds/known_exploited_vulnerabilities.json
kev/CVE-2025-10035.txt	https://www.cisa.gov/sites/default/files/feeds/known_exploited_vulnerabilities.json
kev/CVE-2025-20352.txt	https://www.cisa.gov/sites/default/files/feeds/known_exploited_vulnerabilities.json
kev/CVE-2021-21311.txt	https://www.cisa.gov/sites/default/files/feeds/known_exploited_vulnerabilities.json
kev/CVE-2025-20362.txt	https://www.cisa.gov/sites/default/files/feeds/known_exploited_vulnerabilities.json
kev/CVE-2025-20333.txt	https://www.cisa.gov/sites/default/files/feeds/known_exploited_vulnerabilities.json
kev/CVE-2025-10585.txt	https://www.cisa.gov/sites/default/files/feeds/known_exploited_vulnerabilities.json
kev/CVE-2025-5086.txt	https://www.cisa.gov/sites/default/files/feeds/known_exploited_vulnerabilities.json
kev/CVE-2025-38352.txt	https://www.cisa.gov/sites/default/files/feeds/known_exploited_vulnerabilities.json
kev/CVE-2025-48543.txt	https://www.cisa.gov/sites/default/files/feeds/known_exploited_vulnerabilities.json
kev/CVE-2025-53690.txt	https://www.cisa.gov/sites/default/files/feeds/known_exploited_vulnerabilities.json
kev/CVE-2023-50224.txt	https://www.cisa.gov/sites/default/files/feeds/known_exploited_vulnerabilities.json
kev/CVE-2025-9377.txt	https://www.cisa.gov/sites/default/files/feeds/known_exploited_vulnerabilities.json
kev/CVE-2020-24363.txt	https://www.cisa.gov/sites/default/files/feeds/known_exploited_vulnerabilities.json
kev/CVE-2025-55177.txt	https://www.cisa.gov/sites/default/files/feeds/known_exploited_vulnerabilities.json
kev/CVE-2025-57819.txt	https://www.cisa.gov/sites/default/files/feeds/known_exploited_vulnerabilities.json
kev/CVE-2025-7775.txt	https://www.cisa.gov/sites/default/files/feeds/known_exploited_vulnerabilities.json
kev/CVE-2025-48384.txt	https://www.cisa.gov/sites/default/files/feeds/known_exploited_vulnerabilities.json
kev/CVE-2024-8068.txt	https://www.cisa.gov/sites/default/files/feeds/known_exploited_vulnerabilities.json
kev/CVE-2024-8069.txt	https://www.cisa.gov/sites/default/files/feeds/known_exploited_vulnerabilities.json
kev/CVE-2025-43300.txt	https://www.cisa.gov/sites/default/files/feeds/known_exploited_vulnerabilities.json
kev/CVE-2025-54948.txt	https://www.cisa.gov/sites/default/files/feeds/known_exploited_vulnerabilities.json
kev/CVE-2025-8876.txt	https://www.cisa.gov/sites/default/files/feeds/known_exploited_vulnerabilities.json
kev/CVE-2025-8875.txt	https://www.cisa.gov/sites/default/files/feeds/known_exploited_vulnerabilities.json
kev/CVE-2025-8088.txt	https://www.cisa.gov/sites/default/files/feeds/known_exploited_vulnerabilities.json
kev/CVE-2007-0671.txt	https://www.cisa.gov/sites/default/files/feeds/known_exploited_vulnerabilities.json
kev/CVE-2013-3893.txt	https://www.cisa.gov/sites/default/files/feeds/known_exploited_vulnerabilities.json
kev/CVE-2020-25078.txt	https://www.cisa.gov/sites/default/files/feeds/known_exploited_vulnerabilities.json
kev/CVE-2020-25079.txt	https://www.cisa.gov/sites/default/files/feeds/known_exploited_vulnerabilities.json
kev/CVE-2022-40799.txt	https://www.cisa.gov/sites/default/files/feeds/known_exploited_vulnerabilities.json
kev/CVE-2023-2533.txt	https://www.cisa.gov/sites/default/files/feeds/known_exploited_vulnerabilities.json
kev/CVE-2025-20337.txt	https://www.cisa.gov/sites/default/files/feeds/known_exploited_vulnerabilities.json
kev/CVE-2025-20281.txt	https://www.cisa.gov/sites/default/files/feeds/known_exploited_vulnerabilities.json
kev/CVE-2025-2775.txt	https://www.cisa.gov/sites/default/files/feeds/known_exploited_vulnerabilities.json
kev/CVE-2025-2776.txt	https://www.cisa.gov/sites/default/files/feeds/known_exploited_vulnerabilities.json
kev/CVE-2025-6558.txt	https://www.cisa.gov/sites/default/files/feeds/known_exploited_vulnerabilities.json
kev/CVE-2025-54309.txt	https://www.cisa.gov/sites/default/files/feeds/known_exploited_vulnerabilities.json
kev/CVE-2025-49704.txt	https://www.cisa.gov/sites/default/files/feeds/known_exploited_vulnerabilities.json
kev/CVE-2025-49706.txt	https://www.cisa.gov/sites/default/files/feeds/known_exploited_vulnerabilities.json
kev/CVE-2025-53770.txt	https://www.cisa.gov/sites/default/files/feeds/known_exploited_vulnerabilities.json
kev/CVE-2025-25257.txt	https://www.cisa.gov/sites/default/files/feeds/known_exploited_vulnerabilities.json
kev/CVE-2025-47812.txt	https://www.cisa.gov/sites/default/files/feeds/known_exploited_vulnerabilities.json
kev/CVE-2025-5777.txt	https://www.cisa.gov/sites/default/files/feeds/known_exploited_vulnerabilities.json
kev/CVE-2019-9621.txt	https://www.cisa.gov/sites/default/files/feeds/known_exploited_vulnerabilities.json
kev/CVE-2019-5418.txt	https://www.cisa.gov/sites/default/files/feeds/known_exploited_vulnerabilities.json
kev/CVE-2016-10033.txt	https://www.cisa.gov/sites/default/files/feeds/known_exploited_vulnerabilities.json
kev/CVE-2014-3931.txt	https://www.cisa.gov/sites/default/files/feeds/known_exploited_vulnerabilities.json
kev/CVE-2025-6554.txt	https://www.cisa.gov/sites/default/files/feeds/known_exploited_vulnerabilities.json
kev/CVE-2025-48928.txt	https://www.cisa.gov/sites/default/files/feeds/known_exploited_vulnerabilities.json
kev/CVE-2025-48927.txt	https://www.cisa.gov/sites/default/files/feeds/known_exploited_vulnerabilities.json
kev/CVE-2025-6543.txt	https://www.cisa.gov/sites/default/files/feeds/known_exploited_vulnerabilities.json
kev/CVE-2019-6693.txt	https://www.cisa.gov/sites/default/files/feeds/known_exploited_vulnerabilities.json
kev/CVE-2024-0769.txt	https://www.cisa.gov/sites/default/files/feeds/known_exploited_vulnerabilities.json
kev/CVE-2024-54085.txt	https://www.cisa.gov/sites/default/files/feeds/known_exploited_vulnerabilities.json
kev/CVE-2023-0386.txt	https://www.cisa.gov/sites/default/files/feeds/known_exploited_vulnerabilities.json
kev/CVE-2023-33538.txt	https://www.cisa.gov/sites/default/files/feeds/known_exploited_vulnerabilities.json
kev/CVE-2025-43200.txt	https://www.cisa.gov/sites/default/files/feeds/known_exploited_vulnerabilities.json
kev/CVE-2025-33053.txt	https://www.cisa.gov/sites/default/files/feeds/known_exploited_vulnerabilities.json
kev/CVE-2025-24016.txt	https://www.cisa.gov/sites/default/files/feeds/known_exploited_vulnerabilities.json
kev/CVE-2024-42009.txt	https://www.cisa.gov/sites/default/files/feeds/known_exploited_vulnerabilities.json
kev/CVE-2025-32433.txt	https://www.cisa.gov/sites/default/files/feeds/known_exploited_vulnerabilities.json
kev/CVE-2025-5419.txt	https://www.cisa.gov/sites/default/files/feeds/known_exploited_vulnerabilities.json
kev/CVE-2025-21479.txt	https://www.cisa.gov/sites/default/files/feeds/known_exploited_vulnerabilities.json
kev/CVE-2025-21480.txt	https://www.cisa.gov/sites/default/files/feeds/known_exploited_vulnerabilities.json
kev/CVE-2025-27038.txt	https://www.cisa.gov/sites/default/files/feeds/known_exploited_vulnerabilities.json
kev/CVE-2021-32030.txt	https://www.cisa.gov/sites/default/files/feeds/known_exploited_vulnerabilities.json
kev/CVE-2025-3935.txt	https://www.cisa.gov/sites/default/files/feeds/known_exploited_vulnerabilities.json
kev/CVE-2025-35939.txt	https://www.cisa.gov/sites/default/files/feeds/known_exploited_vulnerabilities.json
kev/CVE-2024-56145.txt	https://www.cisa.gov/sites/default/files/feeds/known_exploited_vulnerabilities.json
kev/CVE-2023-39780.txt	https://www.cisa.gov/sites/default/files/feeds/known_exploited_vulnerabilities.json
kev/CVE-2025-4632.txt	https://www.cisa.gov/sites/default/files/feeds/known_exploited_vulnerabilities.json
kev/CVE-2023-38950.txt	https://www.cisa.gov/sites/default/files/feeds/known_exploited_vulnerabilities.json
kev/CVE-2024-27443.txt	https://www.cisa.gov/sites/default/files/feeds/known_exploited_vulnerabilities.json
kev/CVE-2025-27920.txt	https://www.cisa.gov/sites/default/files/feeds/known_exploited_vulnerabilities.json
kev/CVE-2024-11182.txt	https://www.cisa.gov/sites/default/files/feeds/known_exploited_vulnerabilities.json
kev/CVE-2025-4428.txt	https://www.cisa.gov/sites/default/files/feeds/known_exploited_vulnerabilities.json
kev/CVE-2025-4427.txt	https://www.cisa.gov/sites/default/files/feeds/known_exploited_vulnerabilities.json
kev/CVE-2025-42999.txt	https://www.cisa.gov/sites/default/files/feeds/known_exploited_vulnerabilities.json
kev/CVE-2024-12987.txt	https://www.cisa.gov/sites/default/files/feeds/known_exploited_vulnerabilities.json
kev/CVE-2025-32756.txt	https://www.cisa.gov/sites/default/files/feeds/known_exploited_vulnerabilities.json
kev/CVE-2025-32709.txt	https://www.cisa.gov/sites/default/files/feeds/known_exploited_vulnerabilities.json
kev/CVE-2025-30397.txt	https://www.cisa.gov/sites/default/files/feeds/known_exploited_vulnerabilities.json
kev/CVE-2025-32706.txt	https://www.cisa.gov/sites/default/files/feeds/known_exploited_vulnerabilities.json
kev/CVE-2025-32701.txt	https://www.cisa.gov/sites/default/files/feeds/known_exploited_vulnerabilities.json
kev/CVE-2025-30400.txt	https://www.cisa.gov/sites/default/files/feeds/known_exploited_vulnerabilities.json
kev/CVE-2025-47729.txt	https://www.cisa.gov/sites/default/files/feeds/known_exploited_vulnerabilities.json
kev/CVE-2024-11120.txt	https://www.cisa.gov/sites/default/files/feeds/known_exploited_vulnerabilities.json
kev/CVE-2024-6047.txt	https://www.cisa.gov/sites/default/files/feeds/known_exploited_vulnerabilities.json
kev/CVE-2025-27363.txt	https://www.cisa.gov/sites/default/files/feeds/known_exploited_vulnerabilities.json
kev/CVE-2025-3248.txt	https://www.cisa.gov/sites/default/files/feeds/known_exploited_vulnerabilities.json
kev/CVE-2025-34028.txt	https://www.cisa.gov/sites/default/files/feeds/known_exploited_vulnerabilities.json
kev/CVE-2024-58136.txt	https://www.cisa.gov/sites/default/files/feeds/known_exploited_vulnerabilities.json
kev/CVE-2024-38475.txt	https://www.cisa.gov/sites/default/files/feeds/known_exploited_vulnerabilities.json
kev/CVE-2023-44221.txt	https://www.cisa.gov/sites/default/files/feeds/known_exploited_vulnerabilities.json
kev/CVE-2025-31324.txt	https://www.cisa.gov/sites/default/files/feeds/known_exploited_vulnerabilities.json
kev/CVE-2025-1976.txt	https://www.cisa.gov/sites/default/files/feeds/known_exploited_vulnerabilities.json
kev/CVE-2025-42599.txt	https://www.cisa.gov/sites/default/files/feeds/known_exploited_vulnerabilities.json
kev/CVE-2025-3928.txt	https://www.cisa.gov/sites/default/files/feeds/known_exploited_vulnerabilities.json
kev/CVE-2025-24054.txt	https://www.cisa.gov/sites/default/files/feeds/known_exploited_vulnerabilities.json
kev/CVE-2025-31201.txt	https://www.cisa.gov/sites/default/files/feeds/known_exploited_vulnerabilities.json
kev/CVE-2025-31200.txt	https://www.cisa.gov/sites/default/files/feeds/known_exploited_vulnerabilities.json
kev/CVE-2021-20035.txt	https://www.cisa.gov/sites/default/files/feeds/known_exploited_vulnerabilities.json
kev/CVE-2024-53150.txt	https://www.cisa.gov/sites/default/files/feeds/known_exploited_vulnerabilities.json
kev/CVE-2024-53197.txt	https://www.cisa.gov/sites/default/files/feeds/known_exploited_vulnerabilities.json
kev/CVE-2025-29824.txt	https://www.cisa.gov/sites/default/files/feeds/known_exploited_vulnerabilities.json
kev/CVE-2025-30406.txt	https://www.cisa.gov/sites/default/files/feeds/known_exploited_vulnerabilities.json
kev/CVE-2025-31161.txt	https://www.cisa.gov/sites/default/files/feeds/known_exploited_vulnerabilities.json
kev/CVE-2025-22457.txt	https://www.cisa.gov/sites/default/files/feeds/known_exploited_vulnerabilities.json
kev/CVE-2025-24813.txt	https://www.cisa.gov/sites/default/files/feeds/known_exploited_vulnerabilities.json
kev/CVE-2024-20439.txt	https://www.cisa.gov/sites/default/files/feeds/known_exploited_vulnerabilities.json
kev/CVE-2025-2783.txt	https://www.cisa.gov/sites/default/files/feeds/known_exploited_vulnerabilities.json
kev/CVE-2019-9875.txt	https://www.cisa.gov/sites/default/files/feeds/known_exploited_vulnerabilities.json
kev/CVE-2019-9874.txt	https://www.cisa.gov/sites/default/files/feeds/known_exploited_vulnerabilities.json
kev/CVE-2025-30154.txt	https://www.cisa.gov/sites/default/files/feeds/known_exploited_vulnerabilities.json
kev/CVE-2017-12637.txt	https://www.cisa.gov/sites/default/files/feeds/known_exploited_vulnerabilities.json
kev/CVE-2024-48248.txt	https://www.cisa.gov/sites/default/files/feeds/known_exploited_vulnerabilities.json
kev/CVE-2025-1316.txt	https://www.cisa.gov/sites/default/files/feeds/known_exploited_vulnerabilities.json
kev/CVE-2025-30066.txt	https://www.cisa.gov/sites/default/files/feeds/known_exploited_vulnerabilities.json
kev/CVE-2025-24472.txt	https://www.cisa.gov/sites/default/files/feeds/known_exploited_vulnerabilities.json
kev/CVE-2025-21590.txt	https://www.cisa.gov/sites/default/files/feeds/known_exploited_vulnerabilities.json
kev/CVE-2025-24201.txt	https://www.cisa.gov/sites/default/files/feeds/known_exploited_vulnerabilities.json
kev/CVE-2025-24993.txt	https://www.cisa.gov/sites/default/files/feeds/known_exploited_vulnerabilities.json
kev/CVE-2025-24991.txt	https://www.cisa.gov/sites/default/files/feeds/known_exploited_vulnerabilities.json
kev/CVE-2025-24985.txt	https://www.cisa.gov/sites/default/files/feeds/known_exploited_vulnerabilities.json
kev/CVE-2025-24984.txt	https://www.cisa.gov/sites/default/files/feeds/known_exploited_vulnerabilities.json
kev/CVE-2025-24983.txt	https://www.cisa.gov/sites/default/files/feeds/known_exploited_vulnerabilities.json
kev/CVE-2025-26633.txt	https://www.cisa.gov/sites/default/files/feeds/known_exploited_vulnerabilities.json
kev/CVE-2024-13161.txt	https://www.cisa.gov/sites/default/files/feeds/known_exploited_vulnerabilities.json
kev/CVE-2024-13160.txt	https://www.cisa.gov/sites/default/files/feeds/known_exploited_vulnerabilities.json
kev/CVE-2024-13159.txt	https://www.cisa.gov/sites/default/files/feeds/known_exploited_vulnerabilities.json
kev/CVE-2024-57968.txt	https://www.cisa.gov/sites/default/files/feeds/known_exploited_vulnerabilities.json
kev/CVE-2025-25181.txt	https://www.cisa.gov/sites/default/files/feeds/known_exploited_vulnerabilities.json
kev/CVE-2025-22226.txt	https://www.cisa.gov/sites/default/files/feeds/known_exploited_vulnerabilities.json
kev/CVE-2025-22225.txt	https://www.cisa.gov/sites/default/files/feeds/known_exploited_vulnerabilities.json
kev/CVE-2025-22224.txt	https://www.cisa.gov/sites/default/files/feeds/known_exploited_vulnerabilities.json
kev/CVE-2024-50302.txt	https://www.cisa.gov/sites/default/files/feeds/known_exploited_vulnerabilities.json
kev/CVE-2024-4885.txt	https://www.cisa.gov/sites/default/files/feeds/known_exploited_vulnerabilities.json
kev/CVE-2018-8639.txt	https://www.cisa.gov/sites/default/files/feeds/known_exploited_vulnerabilities.json
kev/CVE-2022-43769.txt	https://www.cisa.gov/sites/default/files/feeds/known_exploited_vulnerabilities.json
kev/CVE-2022-43939.txt	https://www.cisa.gov/sites/default/files/feeds/known_exploited_vulnerabilities.json
kev/CVE-2023-20118.txt	https://www.cisa.gov/sites/default/files/feeds/known_exploited_vulnerabilities.json
kev/CVE-2023-34192.txt	https://www.cisa.gov/sites/default/files/feeds/known_exploited_vulnerabilities.json
kev/CVE-2024-49035.txt	https://www.cisa.gov/sites/default/files/feeds/known_exploited_vulnerabilities.json
kev/CVE-2024-20953.txt	https://www.cisa.gov/sites/default/files/feeds/known_exploited_vulnerabilities.json
kev/CVE-2017-3066.txt	https://www.cisa.gov/sites/default/files/feeds/known_exploited_vulnerabilities.json
kev/CVE-2025-24989.txt	https://www.cisa.gov/sites/default/files/feeds/known_exploited_vulnerabilities.json
kev/CVE-2025-0111.txt	https://www.cisa.gov/sites/default/files/feeds/known_exploited_vulnerabilities.json
kev/CVE-2025-23209.txt	https://www.cisa.gov/sites/default/files/feeds/known_exploited_vulnerabilities.json
kev/CVE-2025-0108.txt	https://www.cisa.gov/sites/default/files/feeds/known_exploited_vulnerabilities.json
kev/CVE-2024-53704.txt	https://www.cisa.gov/sites/default/files/feeds/known_exploited_vulnerabilities.json
kev/CVE-2024-57727.txt	https://www.cisa.gov/sites/default/files/feeds/known_exploited_vulnerabilities.json
kev/CVE-2025-24200.txt	https://www.cisa.gov/sites/default/files/feeds/known_exploited_vulnerabilities.json
kev/CVE-2024-41710.txt	https://www.cisa.gov/sites/default/files/feeds/known_exploited_vulnerabilities.json
kev/CVE-2024-40891.txt	https://www.cisa.gov/sites/default/files/feeds/known_exploited_vulnerabilities.json
kev/CVE-2024-40890.txt	https://www.cisa.gov/sites/default/files/feeds/known_exploited_vulnerabilities.json
kev/CVE-2025-21418.txt	https://www.cisa.gov/sites/default/files/feeds/known_exploited_vulnerabilities.json
kev/CVE-2025-21391.txt	https://www.cisa.gov/sites/default/files/feeds/known_exploited_vulnerabilities.json
kev/CVE-2025-0994.txt	https://www.cisa.gov/sites/default/files/feeds/known_exploited_vulnerabilities.json
kev/CVE-2020-15069.txt	https://www.cisa.gov/sites/default/files/feeds/known_exploited_vulnerabilities.json
kev/CVE-2020-29574.txt	https://www.cisa.gov/sites/default/files/feeds/known_exploited_vulnerabilities.json
kev/CVE-2024-21413.txt	https://www.cisa.gov/sites/default/files/feeds/known_exploited_vulnerabilities.json
kev/CVE-2022-23748.txt	https://www.cisa.gov/sites/default/files/feeds/known_exploited_vulnerabilities.json
kev/CVE-2025-0411.txt	https://www.cisa.gov/sites/default/files/feeds/known_exploited_vulnerabilities.json
kev/CVE-2024-53104.txt	https://www.cisa.gov/sites/default/files/feeds/known_exploited_vulnerabilities.json
kev/CVE-2018-19410.txt	https://www.cisa.gov/sites/default/files/feeds/known_exploited_vulnerabilities.json
kev/CVE-2018-9276.txt	https://www.cisa.gov/sites/default/files/feeds/known_exploited_vulnerabilities.json
kev/CVE-2024-29059.txt	https://www.cisa.gov/sites/default/files/feeds/known_exploited_vulnerabilities.json
kev/CVE-2024-45195.txt	https://www.cisa.gov/sites/default/files/feeds/known_exploited_vulnerabilities.json
kev/CVE-2025-24085.txt	https://www.cisa.gov/sites/default/files/feeds/known_exploited_vulnerabilities.json
kev/CVE-2025-23006.txt	https://www.cisa.gov/sites/default/files/feeds/known_exploited_vulnerabilities.json
kev/CVE-2020-11023.txt	https://www.cisa.gov/sites/default/files/feeds/known_exploited_vulnerabilities.json
kev/CVE-2024-50603.txt	https://www.cisa.gov/sites/default/files/feeds/known_exploited_vulnerabilities.json
kev/CVE-2025-21335.txt	https://www.cisa.gov/sites/default/files/feeds/known_exploited_vulnerabilities.json
kev/CVE-2025-21334.txt	https://www.cisa.gov/sites/default/files/feeds/known_exploited_vulnerabilities.json
kev/CVE-2025-21333.txt	https://www.cisa.gov/sites/default/files/feeds/known_exploited_vulnerabilities.json
kev/CVE-2024-55591.txt	https://www.cisa.gov/sites/default/files/feeds/known_exploited_vulnerabilities.json
kev/CVE-2023-48365.txt	https://www.cisa.gov/sites/default/files/feeds/known_exploited_vulnerabilities.json
kev/CVE-2024-12686.txt	https://www.cisa.gov/sites/default/files/feeds/known_exploited_vulnerabilities.json
kev/CVE-2025-0282.txt	https://www.cisa.gov/sites/default/files/feeds/known_exploited_vulnerabilities.json
kev/CVE-2020-2883.txt	https://www.cisa.gov/sites/default/files/feeds/known_exploited_vulnerabilities.json
kev/CVE-2024-55550.txt	https://www.cisa.gov/sites/default/files/feeds/known_exploited_vulnerabilities.json
kev/CVE-2024-41713.txt	https://www.cisa.gov/sites/default/files/feeds/known_exploited_vulnerabilities.json
kev/CVE-2024-3393.txt	https://www.cisa.gov/sites/default/files/feeds/known_exploited_vulnerabilities.json
kev/CVE-2021-44207.txt	https://www.cisa.gov/sites/default/files/feeds/known_exploited_vulnerabilities.json
kev/CVE-2024-12356.txt	https://www.cisa.gov/sites/default/files/feeds/known_exploited_vulnerabilities.json
kev/CVE-2021-40407.txt	https://www.cisa.gov/sites/default/files/feeds/known_exploited_vulnerabilities.json
kev/CVE-2019-11001.txt	https://www.cisa.gov/sites/default/files/feeds/known_exploited_vulnerabilities.json
kev/CVE-2022-23227.txt	https://www.cisa.gov/sites/default/files/feeds/known_exploited_vulnerabilities.json
kev/CVE-2018-14933.txt	https://www.cisa.gov/sites/default/files/feeds/known_exploited_vulnerabilities.json
kev/CVE-2024-55956.txt	https://www.cisa.gov/sites/default/files/feeds/known_exploited_vulnerabilities.json
kev/CVE-2024-35250.txt	https://www.cisa.gov/sites/default/files/feeds/known_exploited_vulnerabilities.json
kev/CVE-2024-20767.txt	https://www.cisa.gov/sites/default/files/feeds/known_exploited_vulnerabilities.json
kev/CVE-2024-50623.txt	https://www.cisa.gov/sites/default/files/feeds/known_exploited_vulnerabilities.json
kev/CVE-2024-49138.txt	https://www.cisa.gov/sites/default/files/feeds/known_exploited_vulnerabilities.json
kev/CVE-2024-51378.txt	https://www.cisa.gov/sites/default/files/feeds/known_exploited_vulnerabilities.json
kev/CVE-2024-11667.txt	https://www.cisa.gov/sites/default/files/feeds/known_exploited_vulnerabilities.json
kev/CVE-2024-11680.txt	https://www.cisa.gov/sites/default/files/feeds/known_exploited_vulnerabilities.json
kev/CVE-2023-45727.txt	https://www.cisa.gov/sites/default/files/feeds/known_exploited_vulnerabilities.json
kev/CVE-2023-28461.txt	https://www.cisa.gov/sites/default/files/feeds/known_exploited_vulnerabilities.json
kev/CVE-2024-21287.txt	https://www.cisa.gov/sites/default/files/feeds/known_exploited_vulnerabilities.json
kev/CVE-2024-44309.txt	https://www.cisa.gov/sites/default/files/feeds/known_exploited_vulnerabilities.json
kev/CVE-2024-44308.txt	https://www.cisa.gov/sites/default/files/feeds/known_exploited_vulnerabilities.json
kev/CVE-2024-38813.txt	https://www.cisa.gov/sites/default/files/feeds/known_exploited_vulnerabilities.json
kev/CVE-2024-38812.txt	https://www.cisa.gov/sites/default/files/feeds/known_exploited_vulnerabilities.json
kev/CVE-2024-9474.txt	https://www.cisa.gov/sites/default/files/feeds/known_exploited_vulnerabilities.json
kev/CVE-2024-0012.txt	https://www.cisa.gov/sites/default/files/feeds/known_exploited_vulnerabilities.json
kev/CVE-2024-1212.txt	https://www.cisa.gov/sites/default/files/feeds/known_exploited_vulnerabilities.json
kev/CVE-2024-9465.txt	https://www.cisa.gov/sites/default/files/feeds/known_exploited_vulnerabilities.json
kev/CVE-2024-9463.txt	https://www.cisa.gov/sites/default/files/feeds/known_exploited_vulnerabilities.json
kev/CVE-2021-26086.txt	https://www.cisa.gov/sites/default/files/feeds/known_exploited_vulnerabilities.json
kev/CVE-2014-2120.txt	https://www.cisa.gov/sites/default/files/feeds/known_exploited_vulnerabilities.json
kev/CVE-2021-41277.txt	https://www.cisa.gov/sites/default/files/feeds/known_exploited_vulnerabilities.json
kev/CVE-2024-43451.txt	https://www.cisa.gov/sites/default/files/feeds/known_exploited_vulnerabilities.json
kev/CVE-2024-49039.txt	https://www.cisa.gov/sites/default/files/feeds/known_exploited_vulnerabilities.json
kev/CVE-2019-16278.txt	https://www.cisa.gov/sites/default/files/feeds/known_exploited_vulnerabilities.json
kev/CVE-2024-51567.txt	https://www.cisa.gov/sites/default/files/feeds/known_exploited_vulnerabilities.json
kev/CVE-2024-43093.txt	https://www.cisa.gov/sites/default/files/feeds/known_exploited_vulnerabilities.json
kev/CVE-2024-5910.txt	https://www.cisa.gov/sites/default/files/feeds/known_exploited_vulnerabilities.json
kev/CVE-2024-8956.txt	https://www.cisa.gov/sites/default/files/feeds/known_exploited_vulnerabilities.json
kev/CVE-2024-8957.txt	https://www.cisa.gov/sites/default/files/feeds/known_exploited_vulnerabilities.json
kev/CVE-2024-37383.txt	https://www.cisa.gov/sites/default/files/feeds/known_exploited_vulnerabilities.json
kev/CVE-2024-20481.txt	https://www.cisa.gov/sites/default/files/feeds/known_exploited_vulnerabilities.json
kev/CVE-2024-47575.txt	https://www.cisa.gov/sites/default/files/feeds/known_exploited_vulnerabilities.json
kev/CVE-2024-38094.txt	https://www.cisa.gov/sites/default/files/feeds/known_exploited_vulnerabilities.json
kev/CVE-2024-9537.txt	https://www.cisa.gov/sites/default/files/feeds/known_exploited_vulnerabilities.json
kev/CVE-2024-40711.txt	https://www.cisa.gov/sites/default/files/feeds/known_exploited_vulnerabilities.json
kev/CVE-2024-28987.txt	https://www.cisa.gov/sites/default/files/feeds/known_exploited_vulnerabilities.json
kev/CVE-2024-9680.txt	https://www.cisa.gov/sites/default/files/feeds/known_exploited_vulnerabilities.json
kev/CVE-2024-30088.txt	https://www.cisa.gov/sites/default/files/feeds/known_exploited_vulnerabilities.json
kev/CVE-2024-9380.txt	https://www.cisa.gov/sites/default/files/feeds/known_exploited_vulnerabilities.json
kev/CVE-2024-9379.txt	https://www.cisa.gov/sites/default/files/feeds/known_exploited_vulnerabilities.json
kev/CVE-2024-23113.txt	https://www.cisa.gov/sites/default/files/feeds/known_exploited_vulnerabilities.json
kev/CVE-2024-43573.txt	https://www.cisa.gov/sites/default/files/feeds/known_exploited_vulnerabilities.json
kev/CVE-2024-43572.txt	https://www.cisa.gov/sites/default/files/feeds/known_exploited_vulnerabilities.json
kev/CVE-2024-43047.txt	https://www.cisa.gov/sites/default/files/feeds/known_exploited_vulnerabilities.json
kev/CVE-2024-45519.txt	https://www.cisa.gov/sites/default/files/feeds/known_exploited_vulnerabilities.json
kev/CVE-2024-29824.txt	https://www.cisa.gov/sites/default/files/feeds/known_exploited_vulnerabilities.json
kev/CVE-2019-0344.txt	https://www.cisa.gov/sites/default/files/feeds/known_exploited_vulnerabilities.json
kev/CVE-2020-15415.txt	https://www.cisa.gov/sites/default/files/feeds/known_exploited_vulnerabilities.json
kev/CVE-2023-25280.txt	https://www.cisa.gov/sites/default/files/feeds/known_exploited_vulnerabilities.json
kev/CVE-2024-7593.txt	https://www.cisa.gov/sites/default/files/feeds/known_exploited_vulnerabilities.json
kev/CVE-2024-8963.txt	https://www.cisa.gov/sites/default/files/feeds/known_exploited_vulnerabilities.json
kev/CVE-2020-14644.txt	https://www.cisa.gov/sites/default/files/feeds/known_exploited_vulnerabilities.json
kev/CVE-2022-21445.txt	https://www.cisa.gov/sites/default/files/feeds/known_exploited_vulnerabilities.json
kev/CVE-2020-0618.txt	https://www.cisa.gov/sites/default/files/feeds/known_exploited_vulnerabilities.json
kev/CVE-2024-27348.txt	https://www.cisa.gov/sites/default/files/feeds/known_exploited_vulnerabilities.json
kev/CVE-2014-0502.txt	https://www.cisa.gov/sites/default/files/feeds/known_exploited_vulnerabilities.json
kev/CVE-2013-0648.txt	https://www.cisa.gov/sites/default/files/feeds/known_exploited_vulnerabilities.json
kev/CVE-2013-0643.txt	https://www.cisa.gov/sites/default/files/feeds/known_exploited_vulnerabilities.json
kev/CVE-2014-0497.txt	https://www.cisa.gov/sites/default/files/feeds/known_exploited_vulnerabilities.json
kev/CVE-2024-6670.txt	https://www.cisa.gov/sites/default/files/feeds/known_exploited_vulnerabilities.json
kev/CVE-2024-43461.txt	https://www.cisa.gov/sites/default/files/feeds/known_exploited_vulnerabilities.json
kev/CVE-2024-8190.txt	https://www.cisa.gov/sites/default/files/feeds/known_exploited_vulnerabilities.json
kev/CVE-2024-38217.txt	https://www.cisa.gov/sites/default/files/feeds/known_exploited_vulnerabilities.json
kev/CVE-2024-38014.txt	https://www.cisa.gov/sites/default/files/feeds/known_exploited_vulnerabilities.json
kev/CVE-2024-38226.txt	https://www.cisa.gov/sites/default/files/feeds/known_exploited_vulnerabilities.json
kev/CVE-2024-40766.txt	https://www.cisa.gov/sites/default/files/feeds/known_exploited_vulnerabilities.json
kev/CVE-2017-1000253.txt	https://www.cisa.gov/sites/default/files/feeds/known_exploited_vulnerabilities.json
kev/CVE-2016-3714.txt	https://www.cisa.gov/sites/default/files/feeds/known_exploited_vulnerabilities.json
kev/CVE-2024-7262.txt	https://www.cisa.gov/sites/default/files/feeds/known_exploited_vulnerabilities.json
kev/CVE-2021-20124.txt	https://www.cisa.gov/sites/default/files/feeds/known_exploited_vulnerabilities.json
kev/CVE-2021-20123.txt	https://www.cisa.gov/sites/default/files/feeds/known_exploited_vulnerabilities.json
kev/CVE-2024-7965.txt	https://www.cisa.gov/sites/default/files/feeds/known_exploited_vulnerabilities.json
kev/CVE-2024-38856.txt	https://www.cisa.gov/sites/default/files/feeds/known_exploited_vulnerabilities.json
kev/CVE-2024-7971.txt	https://www.cisa.gov/sites/default/files/feeds/known_exploited_vulnerabilities.json
kev/CVE-2024-39717.txt	https://www.cisa.gov/sites/default/files/feeds/known_exploited_vulnerabilities.json
kev/CVE-2021-31196.txt	https://www.cisa.gov/sites/default/files/feeds/known_exploited_vulnerabilities.json
kev/CVE-2022-0185.txt	https://www.cisa.gov/sites/default/files/feeds/known_exploited_vulnerabilities.json
kev/CVE-2021-33045.txt	https://www.cisa.gov/sites/default/files/feeds/known_exploited_vulnerabilities.json
kev/CVE-2021-33044.txt	https://www.cisa.gov/sites/default/files/feeds/known_exploited_vulnerabilities.json
kev/CVE-2024-23897.txt	https://www.cisa.gov/sites/default/files/feeds/known_exploited_vulnerabilities.json
kev/CVE-2024-28986.txt	https://www.cisa.gov/sites/default/files/feeds/known_exploited_vulnerabilities.json
kev/CVE-2024-38107.txt	https://www.cisa.gov/sites/default/files/feeds/known_exploited_vulnerabilities.json
kev/CVE-2024-38106.txt	https://www.cisa.gov/sites/default/files/feeds/known_exploited_vulnerabilities.json
kev/CVE-2024-38193.txt	https://www.cisa.gov/sites/default/files/feeds/known_exploited_vulnerabilities.json
kev/CVE-2024-38213.txt	https://www.cisa.gov/sites/default/files/feeds/known_exploited_vulnerabilities.json
kev/CVE-2024-38178.txt	https://www.cisa.gov/sites/default/files/feeds/known_exploited_vulnerabilities.json
kev/CVE-2024-38189.txt	https://www.cisa.gov/sites/default/files/feeds/known_exploited_vulnerabilities.json
kev/CVE-2024-32113.txt	https://www.cisa.gov/sites/default/files/feeds/known_exploited_vulnerabilities.json
kev/CVE-2024-36971.txt	https://www.cisa.gov/sites/default/files/feeds/known_exploited_vulnerabilities.json
kev/CVE-2018-0824.txt	https://www.cisa.gov/sites/default/files/feeds/known_exploited_vulnerabilities.json
kev/CVE-2024-37085.txt	https://www.cisa.gov/sites/default/files/feeds/known_exploited_vulnerabilities.json
kev/CVE-2023-45249.txt	https://www.cisa.gov/sites/default/files/feeds/known_exploited_vulnerabilities.json
kev/CVE-2024-5217.txt	https://www.cisa.gov/sites/default/files/feeds/known_exploited_vulnerabilities.json
kev/CVE-2024-4879.txt	https://www.cisa.gov/sites/default/files/feeds/known_exploited_vulnerabilities.json
kev/CVE-2024-39891.txt	https://www.cisa.gov/sites/default/files/feeds/known_exploited_vulnerabilities.json
kev/CVE-2012-4792.txt	https://www.cisa.gov/sites/default/files/feeds/known_exploited_vulnerabilities.json
kev/CVE-2022-22948.txt	https://www.cisa.gov/sites/default/files/feeds/known_exploited_vulnerabilities.json
kev/CVE-2024-28995.txt	https://www.cisa.gov/sites/default/files/feeds/known_exploited_vulnerabilities.json
kev/CVE-2024-34102.txt	https://www.cisa.gov/sites/default/files/feeds/known_exploited_vulnerabilities.json
kev/CVE-2024-36401.txt	https://www.cisa.gov/sites/default/files/feeds/known_exploited_vulnerabilities.json
kev/CVE-2024-23692.txt	https://www.cisa.gov/sites/default/files/feeds/known_exploited_vulnerabilities.json
kev/CVE-2024-38080.txt	https://www.cisa.gov/sites/default/files/feeds/known_exploited_vulnerabilities.json
kev/CVE-2024-38112.txt	https://www.cisa.gov/sites/default/files/feeds/known_exploited_vulnerabilities.json
kev/CVE-2024-20399.txt	https://www.cisa.gov/sites/default/files/feeds/known_exploited_vulnerabilities.json
kev/CVE-2020-13965.txt	https://www.cisa.gov/sites/default/files/feeds/known_exploited_vulnerabilities.json
kev/CVE-2022-2586.txt	https://www.cisa.gov/sites/default/files/feeds/known_exploited_vulnerabilities.json
kev/CVE-2022-24816.txt	https://www.cisa.gov/sites/default/files/feeds/known_exploited_vulnerabilities.json
kev/CVE-2024-4358.txt	https://www.cisa.gov/sites/default/files/feeds/known_exploited_vulnerabilities.json
kev/CVE-2024-26169.txt	https://www.cisa.gov/sites/default/files/feeds/known_exploited_vulnerabilities.json
kev/CVE-2024-32896.txt	https://www.cisa.gov/sites/default/files/feeds/known_exploited_vulnerabilities.json
kev/CVE-2024-4577.txt	https://www.cisa.gov/sites/default/files/feeds/known_exploited_vulnerabilities.json
kev/CVE-2024-4610.txt	https://www.cisa.gov/sites/default/files/feeds/known_exploited_vulnerabilities.json
kev/CVE-2017-3506.txt	https://www.cisa.gov/sites/default/files/feeds/known_exploited_vulnerabilities.json
kev/CVE-2024-1086.txt	https://www.cisa.gov/sites/default/files/feeds/known_exploited_vulnerabilities.json
kev/CVE-2024-24919.txt	https://www.cisa.gov/sites/default/files/feeds/known_exploited_vulnerabilities.json
kev/CVE-2024-4978.txt	https://www.cisa.gov/sites/default/files/feeds/known_exploited_vulnerabilities.json
kev/CVE-2024-5274.txt	https://www.cisa.gov/sites/default/files/feeds/known_exploited_vulnerabilities.json
kev/CVE-2020-17519.txt	https://www.cisa.gov/sites/default/files/feeds/known_exploited_vulnerabilities.json
kev/CVE-2024-4947.txt	https://www.cisa.gov/sites/default/files/feeds/known_exploited_vulnerabilities.json
kev/CVE-2023-43208.txt	https://www.cisa.gov/sites/default/files/feeds/known_exploited_vulnerabilities.json
kev/CVE-2024-4761.txt	https://www.cisa.gov/sites/default/files/feeds/known_exploited_vulnerabilities.json
kev/CVE-2021-40655.txt	https://www.cisa.gov/sites/default/files/feeds/known_exploited_vulnerabilities.json
kev/CVE-2014-100005.txt	https://www.cisa.gov/sites/default/files/feeds/known_exploited_vulnerabilities.json
kev/CVE-2024-30040.txt	https://www.cisa.gov/sites/default/files/feeds/known_exploited_vulnerabilities.json
kev/CVE-2024-30051.txt	https://www.cisa.gov/sites/default/files/feeds/known_exploited_vulnerabilities.json
kev/CVE-2024-4671.txt	https://www.cisa.gov/sites/default/files/feeds/known_exploited_vulnerabilities.json
kev/CVE-2023-7028.txt	https://www.cisa.gov/sites/default/files/feeds/known_exploited_vulnerabilities.json
kev/CVE-2024-29988.txt	https://www.cisa.gov/sites/default/files/feeds/known_exploited_vulnerabilities.json
kev/CVE-2024-4040.txt	https://www.cisa.gov/sites/default/files/feeds/known_exploited_vulnerabilities.json
kev/CVE-2024-20359.txt	https://www.cisa.gov/sites/default/files/feeds/known_exploited_vulnerabilities.json
kev/CVE-2024-20353.txt	https://www.cisa.gov/sites/default/files/feeds/known_exploited_vulnerabilities.json
kev/CVE-2022-38028.txt	https://www.cisa.gov/sites/default/files/feeds/known_exploited_vulnerabilities.json
kev/CVE-2024-3400.txt	https://www.cisa.gov/sites/default/files/feeds/known_exploited_vulnerabilities.json
kev/CVE-2024-3273.txt	https://www.cisa.gov/sites/default/files/feeds/known_exploited_vulnerabilities.json
kev/CVE-2024-3272.txt	https://www.cisa.gov/sites/default/files/feeds/known_exploited_vulnerabilities.json
kev/CVE-2024-29748.txt	https://www.cisa.gov/sites/default/files/feeds/known_exploited_vulnerabilities.json
kev/CVE-2024-29745.txt	https://www.cisa.gov/sites/default/files/feeds/known_exploited_vulnerabilities.json
kev/CVE-2023-24955.txt	https://www.cisa.gov/sites/default/files/feeds/known_exploited_vulnerabilities.json
kev/CVE-2019-7256.txt	https://www.cisa.gov/sites/default/files/feeds/known_exploited_vulnerabilities.json
kev/CVE-2021-44529.txt	https://www.cisa.gov/sites/default/files/feeds/known_exploited_vulnerabilities.json
kev/CVE-2023-48788.txt	https://www.cisa.gov/sites/default/files/feeds/known_exploited_vulnerabilities.json
kev/CVE-2024-27198.txt	https://www.cisa.gov/sites/default/files/feeds/known_exploited_vulnerabilities.json
kev/CVE-2024-23225.txt	https://www.cisa.gov/sites/default/files/feeds/known_exploited_vulnerabilities.json
kev/CVE-2024-23296.txt	https://www.cisa.gov/sites/default/files/feeds/known_exploited_vulnerabilities.json
kev/CVE-2023-21237.txt	https://www.cisa.gov/sites/default/files/feeds/known_exploited_vulnerabilities.json
kev/CVE-2021-36380.txt	https://www.cisa.gov/sites/default/files/feeds/known_exploited_vulnerabilities.json
kev/CVE-2024-21338.txt	https://www.cisa.gov/sites/default/files/feeds/known_exploited_vulnerabilities.json
kev/CVE-2023-29360.txt	https://www.cisa.gov/sites/default/files/feeds/known_exploited_vulnerabilities.json
kev/CVE-2024-1709.txt	https://www.cisa.gov/sites/default/files/feeds/known_exploited_vulnerabilities.json
kev/CVE-2020-3259.txt	https://www.cisa.gov/sites/default/files/feeds/known_exploited_vulnerabilities.json
kev/CVE-2024-21410.txt	https://www.cisa.gov/sites/default/files/feeds/known_exploited_vulnerabilities.json
kev/CVE-2024-21412.txt	https://www.cisa.gov/sites/default/files/feeds/known_exploited_vulnerabilities.json
kev/CVE-2024-21351.txt	https://www.cisa.gov/sites/default/files/feeds/known_exploited_vulnerabilities.json
kev/CVE-2023-43770.txt	https://www.cisa.gov/sites/default/files/feeds/known_exploited_vulnerabilities.json
kev/CVE-2024-21762.txt	https://www.cisa.gov/sites/default/files/feeds/known_exploited_vulnerabilities.json
kev/CVE-2023-4762.txt	https://www.cisa.gov/sites/default/files/feeds/known_exploited_vulnerabilities.json
kev/CVE-2022-48618.txt	https://www.cisa.gov/sites/default/files/feeds/known_exploited_vulnerabilities.json
kev/CVE-2024-21893.txt	https://www.cisa.gov/sites/default/files/feeds/known_exploited_vulnerabilities.json
kev/CVE-2023-22527.txt	https://www.cisa.gov/sites/default/files/feeds/known_exploited_vulnerabilities.json
kev/CVE-2024-23222.txt	https://www.cisa.gov/sites/default/files/feeds/known_exploited_vulnerabilities.json
kev/CVE-2023-34048.txt	https://www.cisa.gov/sites/default/files/feeds/known_exploited_vulnerabilities.json
kev/CVE-2023-35082.txt	https://www.cisa.gov/sites/default/files/feeds/known_exploited_vulnerabilities.json
kev/CVE-2024-0519.txt	https://www.cisa.gov/sites/default/files/feeds/known_exploited_vulnerabilities.json
kev/CVE-2023-6549.txt	https://www.cisa.gov/sites/default/files/feeds/known_exploited_vulnerabilities.json
kev/CVE-2023-6548.txt	https://www.cisa.gov/sites/default/files/feeds/known_exploited_vulnerabilities.json
kev/CVE-2018-15133.txt	https://www.cisa.gov/sites/default/files/feeds/known_exploited_vulnerabilities.json
kev/CVE-2023-29357.txt	https://www.cisa.gov/sites/default/files/feeds/known_exploited_vulnerabilities.json
kev/CVE-2023-46805.txt	https://www.cisa.gov/sites/default/files/feeds/known_exploited_vulnerabilities.json
kev/CVE-2024-21887.txt	https://www.cisa.gov/sites/default/files/feeds/known_exploited_vulnerabilities.json
kev/CVE-2023-23752.txt	https://www.cisa.gov/sites/default/files/feeds/known_exploited_vulnerabilities.json
kev/CVE-2016-20017.txt	https://www.cisa.gov/sites/default/files/feeds/known_exploited_vulnerabilities.json
kev/CVE-2023-41990.txt	https://www.cisa.gov/sites/default/files/feeds/known_exploited_vulnerabilities.json
kev/CVE-2023-27524.txt	https://www.cisa.gov/sites/default/files/feeds/known_exploited_vulnerabilities.json
kev/CVE-2023-29300.txt	https://www.cisa.gov/sites/default/files/feeds/known_exploited_vulnerabilities.json
kev/CVE-2023-38203.txt	https://www.cisa.gov/sites/default/files/feeds/known_exploited_vulnerabilities.json
kev/CVE-2023-7101.txt	https://www.cisa.gov/sites/default/files/feeds/known_exploited_vulnerabilities.json
kev/CVE-2023-7024.txt	https://www.cisa.gov/sites/default/files/feeds/known_exploited_vulnerabilities.json
kev/CVE-2023-49897.txt	https://www.cisa.gov/sites/default/files/feeds/known_exploited_vulnerabilities.json
kev/CVE-2023-47565.txt	https://www.cisa.gov/sites/default/files/feeds/known_exploited_vulnerabilities.json
kev/CVE-2023-6448.txt	https://www.cisa.gov/sites/default/files/feeds/known_exploited_vulnerabilities.json
kev/CVE-2023-41266.txt	https://www.cisa.gov/sites/default/files/feeds/known_exploited_vulnerabilities.json
kev/CVE-2023-41265.txt	https://www.cisa.gov/sites/default/files/feeds/known_exploited_vulnerabilities.json
kev/CVE-2023-33107.txt	https://www.cisa.gov/sites/default/files/feeds/known_exploited_vulnerabilities.json
kev/CVE-2023-33106.txt	https://www.cisa.gov/sites/default/files/feeds/known_exploited_vulnerabilities.json
kev/CVE-2023-33063.txt	https://www.cisa.gov/sites/default/files/feeds/known_exploited_vulnerabilities.json
kev/CVE-2022-22071.txt	https://www.cisa.gov/sites/default/files/feeds/known_exploited_vulnerabilities.json
kev/CVE-2023-42917.txt	https://www.cisa.gov/sites/default/files/feeds/known_exploited_vulnerabilities.json
kev/CVE-2023-42916.txt	https://www.cisa.gov/sites/default/files/feeds/known_exploited_vulnerabilities.json
kev/CVE-2023-6345.txt	https://www.cisa.gov/sites/default/files/feeds/known_exploited_vulnerabilities.json
kev/CVE-2023-49103.txt	https://www.cisa.gov/sites/default/files/feeds/known_exploited_vulnerabilities.json
kev/CVE-2023-4911.txt	https://www.cisa.gov/sites/default/files/feeds/known_exploited_vulnerabilities.json
kev/CVE-2023-36584.txt	https://www.cisa.gov/sites/default/files/feeds/known_exploited_vulnerabilities.json
kev/CVE-2023-1671.txt	https://www.cisa.gov/sites/default/files/feeds/known_exploited_vulnerabilities.json
kev/CVE-2020-2551.txt	https://www.cisa.gov/sites/default/files/feeds/known_exploited_vulnerabilities.json
kev/CVE-2023-36033.txt	https://www.cisa.gov/sites/default/files/feeds/known_exploited_vulnerabilities.json
kev/CVE-2023-36025.txt	https://www.cisa.gov/sites/default/files/feeds/known_exploited_vulnerabilities.json
kev/CVE-2023-36036.txt	https://www.cisa.gov/sites/default/files/feeds/known_exploited_vulnerabilities.json
kev/CVE-2023-47246.txt	https://www.cisa.gov/sites/default/files/feeds/known_exploited_vulnerabilities.json
kev/CVE-2023-36844.txt	https://www.cisa.gov/sites/default/files/feeds/known_exploited_vulnerabilities.json
kev/CVE-2023-36845.txt	https://www.cisa.gov/sites/default/files/feeds/known_exploited_vulnerabilities.json
kev/CVE-2023-36846.txt	https://www.cisa.gov/sites/default/files/feeds/known_exploited_vulnerabilities.json
kev/CVE-2023-36847.txt	https://www.cisa.gov/sites/default/files/feeds/known_exploited_vulnerabilities.json
kev/CVE-2023-36851.txt	https://www.cisa.gov/sites/default/files/feeds/known_exploited_vulnerabilities.json
kev/CVE-2023-29552.txt	https://www.cisa.gov/sites/default/files/feeds/known_exploited_vulnerabilities.json
kev/CVE-2023-22518.txt	https://www.cisa.gov/sites/default/files/feeds/known_exploited_vulnerabilities.json
kev/CVE-2023-46604.txt	https://www.cisa.gov/sites/default/files/feeds/known_exploited_vulnerabilities.json
kev/CVE-2023-46748.txt	https://www.cisa.gov/sites/default/files/feeds/known_exploited_vulnerabilities.json
kev/CVE-2023-46747.txt	https://www.cisa.gov/sites/default/files/feeds/known_exploited_vulnerabilities.json
kev/CVE-2023-5631.txt	https://www.cisa.gov/sites/default/files/feeds/known_exploited_vulnerabilities.json
kev/CVE-2023-20273.txt	https://www.cisa.gov/sites/default/files/feeds/known_exploited_vulnerabilities.json
kev/CVE-2023-4966.txt	https://www.cisa.gov/sites/default/files/feeds/known_exploited_vulnerabilities.json
kev/CVE-2023-20198.txt	https://www.cisa.gov/sites/default/files/feeds/known_exploited_vulnerabilities.json
kev/CVE-2023-21608.txt	https://www.cisa.gov/sites/default/files/feeds/known_exploited_vulnerabilities.json
kev/CVE-2023-20109.txt	https://www.cisa.gov/sites/default/files/feeds/known_exploited_vulnerabilities.json
kev/CVE-2023-41763.txt	https://www.cisa.gov/sites/default/files/feeds/known_exploited_vulnerabilities.json
kev/CVE-2023-36563.txt	https://www.cisa.gov/sites/default/files/feeds/known_exploited_vulnerabilities.json
kev/CVE-2023-44487.txt	https://www.cisa.gov/sites/default/files/feeds/known_exploited_vulnerabilities.json
kev/CVE-2023-22515.txt	https://www.cisa.gov/sites/default/files/feeds/known_exploited_vulnerabilities.json
kev/CVE-2023-40044.txt	https://www.cisa.gov/sites/default/files/feeds/known_exploited_vulnerabilities.json
kev/CVE-2023-42824.txt	https://www.cisa.gov/sites/default/files/feeds/known_exploited_vulnerabilities.json
kev/CVE-2023-42793.txt	https://www.cisa.gov/sites/default/files/feeds/known_exploited_vulnerabilities.json
kev/CVE-2023-28229.txt	https://www.cisa.gov/sites/default/files/feeds/known_exploited_vulnerabilities.json
kev/CVE-2023-4211.txt	https://www.cisa.gov/sites/default/files/feeds/known_exploited_vulnerabilities.json
kev/CVE-2023-5217.txt	https://www.cisa.gov/sites/default/files/feeds/known_exploited_vulnerabilities.json
kev/CVE-2018-14667.txt	https://www.cisa.gov/sites/default/files/feeds/known_exploited_vulnerabilities.json
kev/CVE-2023-41991.txt	https://www.cisa.gov/sites/default/files/feeds/known_exploited_vulnerabilities.json
kev/CVE-2023-41992.txt	https://www.cisa.gov/sites/default/files/feeds/known_exploited_vulnerabilities.json
kev/CVE-2023-41993.txt	https://www.cisa.gov/sites/default/files/feeds/known_exploited_vulnerabilities.json
kev/CVE-2023-41179.txt	https://www.cisa.gov/sites/default/files/feeds/known_exploited_vulnerabilities.json
kev/CVE-2023-28434.txt	https://www.cisa.gov/sites/default/files/feeds/known_exploited_vulnerabilities.json
kev/CVE-2022-22265.txt	https://www.cisa.gov/sites/default/files/feeds/known_exploited_vulnerabilities.json
kev/CVE-2014-8361.txt	https://www.cisa.gov/sites/default/files/feeds/known_exploited_vulnerabilities.json
kev/CVE-2017-6884.txt	https://www.cisa.gov/sites/default/files/feeds/known_exploited_vulnerabilities.json
kev/CVE-2021-3129.txt	https://www.cisa.gov/sites/default/files/feeds/known_exploited_vulnerabilities.json
kev/CVE-2023-26369.txt	https://www.cisa.gov/sites/default/files/feeds/known_exploited_vulnerabilities.json
kev/CVE-2023-35674.txt	https://www.cisa.gov/sites/default/files/feeds/known_exploited_vulnerabilities.json
kev/CVE-2023-20269.txt	https://www.cisa.gov/sites/default/files/feeds/known_exploited_vulnerabilities.json
kev/CVE-2023-4863.txt	https://www.cisa.gov/sites/default/files/feeds/known_exploited_vulnerabilities.json
kev/CVE-2023-36761.txt	https://www.cisa.gov/sites/default/files/feeds/known_exploited_vulnerabilities.json
kev/CVE-2023-36802.txt	https://www.cisa.gov/sites/default/files/feeds/known_exploited_vulnerabilities.json
kev/CVE-2023-41064.txt	https://www.cisa.gov/sites/default/files/feeds/known_exploited_vulnerabilities.json
kev/CVE-2023-41061.txt	https://www.cisa.gov/sites/default/files/feeds/known_exploited_vulnerabilities.json
kev/CVE-2023-33246.txt	https://www.cisa.gov/sites/default/files/feeds/known_exploited_vulnerabilities.json
kev/CVE-2023-38831.txt	https://www.cisa.gov/sites/default/files/feeds/known_exploited_vulnerabilities.json
kev/CVE-2023-32315.txt	https://www.cisa.gov/sites/default/files/feeds/known_exploited_vulnerabilities.json
kev/CVE-2023-38035.txt	https://www.cisa.gov/sites/default/files/feeds/known_exploited_vulnerabilities.json
kev/CVE-2023-27532.txt	https://www.cisa.gov/sites/default/files/feeds/known_exploited_vulnerabilities.json
kev/CVE-2023-26359.txt	https://www.cisa.gov/sites/default/files/feeds/known_exploited_vulnerabilities.json
kev/CVE-2023-24489.txt	https://www.cisa.gov/sites/default/files/feeds/known_exploited_vulnerabilities.json
kev/CVE-2023-38180.txt	https://www.cisa.gov/sites/default/files/feeds/known_exploited_vulnerabilities.json
kev/CVE-2017-18368.txt	https://www.cisa.gov/sites/default/files/feeds/known_exploited_vulnerabilities.json
kev/CVE-2023-35081.txt	https://www.cisa.gov/sites/default/files/feeds/known_exploited_vulnerabilities.json
kev/CVE-2023-37580.txt	https://www.cisa.gov/sites/default/files/feeds/known_exploited_vulnerabilities.json
kev/CVE-2023-38606.txt	https://www.cisa.gov/sites/default/files/feeds/known_exploited_vulnerabilities.json
kev/CVE-2023-35078.txt	https://www.cisa.gov/sites/default/files/feeds/known_exploited_vulnerabilities.json
kev/CVE-2023-29298.txt	https://www.cisa.gov/sites/default/files/feeds/known_exploited_vulnerabilities.json
kev/CVE-2023-38205.txt	https://www.cisa.gov/sites/default/files/feeds/known_exploited_vulnerabilities.json
kev/CVE-2023-3519.txt	https://www.cisa.gov/sites/default/files/feeds/known_exploited_vulnerabilities.json
kev/CVE-2023-36884.txt	https://www.cisa.gov/sites/default/files/feeds/known_exploited_vulnerabilities.json
kev/CVE-2022-29303.txt	https://www.cisa.gov/sites/default/files/feeds/known_exploited_vulnerabilities.json
kev/CVE-2023-37450.txt	https://www.cisa.gov/sites/default/files/feeds/known_exploited_vulnerabilities.json
kev/CVE-2023-32046.txt	https://www.cisa.gov/sites/default/files/feeds/known_exploited_vulnerabilities.json
kev/CVE-2023-32049.txt	https://www.cisa.gov/sites/default/files/feeds/known_exploited_vulnerabilities.json
kev/CVE-2023-35311.txt	https://www.cisa.gov/sites/default/files/feeds/known_exploited_vulnerabilities.json
kev/CVE-2023-36874.txt	https://www.cisa.gov/sites/default/files/feeds/known_exploited_vulnerabilities.json
kev/CVE-2022-31199.txt	https://www.cisa.gov/sites/default/files/feeds/known_exploited_vulnerabilities.json
kev/CVE-2021-29256.txt	https://www.cisa.gov/sites/default/files/feeds/known_exploited_vulnerabilities.json
kev/CVE-2019-17621.txt	https://www.cisa.gov/sites/default/files/feeds/known_exploited_vulnerabilities.json
kev/CVE-2019-20500.txt	https://www.cisa.gov/sites/default/files/feeds/known_exploited_vulnerabilities.json
kev/CVE-2021-25487.txt	https://www.cisa.gov/sites/default/files/feeds/known_exploited_vulnerabilities.json
kev/CVE-2021-25489.txt	https://www.cisa.gov/sites/default/files/feeds/known_exploited_vulnerabilities.json
kev/CVE-2021-25394.txt	https://www.cisa.gov/sites/default/files/feeds/known_exploited_vulnerabilities.json
kev/CVE-2021-25395.txt	https://www.cisa.gov/sites/default/files/feeds/known_exploited_vulnerabilities.json
kev/CVE-2021-25371.txt	https://www.cisa.gov/sites/default/files/feeds/known_exploited_vulnerabilities.json
kev/CVE-2021-25372.txt	https://www.cisa.gov/sites/default/files/feeds/known_exploited_vulnerabilities.json
kev/CVE-2023-32434.txt	https://www.cisa.gov/sites/default/files/feeds/known_exploited_vulnerabilities.json
kev/CVE-2023-32435.txt	https://www.cisa.gov/sites/default/files/feeds/known_exploited_vulnerabilities.json
kev/CVE-2023-32439.txt	https://www.cisa.gov/sites/default/files/feeds/known_exploited_vulnerabilities.json
kev/CVE-2023-20867.txt	https://www.cisa.gov/sites/default/files/feeds/known_exploited_vulnerabilities.json
kev/CVE-2023-27992.txt	https://www.cisa.gov/sites/default/files/feeds/known_exploited_vulnerabilities.json
kev/CVE-2023-20887.txt	https://www.cisa.gov/sites/default/files/feeds/known_exploited_vulnerabilities.json
kev/CVE-2020-35730.txt	https://www.cisa.gov/sites/default/files/feeds/known_exploited_vulnerabilities.json
kev/CVE-2020-12641.txt	https://www.cisa.gov/sites/default/files/feeds/known_exploited_vulnerabilities.json
kev/CVE-2021-44026.txt	https://www.cisa.gov/sites/default/files/feeds/known_exploited_vulnerabilities.json
kev/CVE-2016-9079.txt	https://www.cisa.gov/sites/default/files/feeds/known_exploited_vulnerabilities.json
kev/CVE-2016-0165.txt	https://www.cisa.gov/sites/default/files/feeds/known_exploited_vulnerabilities.json
kev/CVE-2023-27997.txt	https://www.cisa.gov/sites/default/files/feeds/known_exploited_vulnerabilities.json
kev/CVE-2023-3079.txt	https://www.cisa.gov/sites/default/files/feeds/known_exploited_vulnerabilities.json
kev/CVE-2023-33009.txt	https://www.cisa.gov/sites/default/files/feeds/known_exploited_vulnerabilities.json
kev/CVE-2023-33010.txt	https://www.cisa.gov/sites/default/files/feeds/known_exploited_vulnerabilities.json
kev/CVE-2023-34362.txt	https://www.cisa.gov/sites/default/files/feeds/known_exploited_vulnerabilities.json
kev/CVE-2023-28771.txt	https://www.cisa.gov/sites/default/files/feeds/known_exploited_vulnerabilities.json
kev/CVE-2023-2868.txt	https://www.cisa.gov/sites/default/files/feeds/known_exploited_vulnerabilities.json
kev/CVE-2023-32409.txt	https://www.cisa.gov/sites/default/files/feeds/known_exploited_vulnerabilities.json
kev/CVE-2023-28204.txt	https://www.cisa.gov/sites/default/files/feeds/known_exploited_vulnerabilities.json
kev/CVE-2023-32373.txt	https://www.cisa.gov/sites/default/files/feeds/known_exploited_vulnerabilities.json
kev/CVE-2004-1464.txt	https://www.cisa.gov/sites/default/files/feeds/known_exploited_vulnerabilities.json
kev/CVE-2016-6415.txt	https://www.cisa.gov/sites/default/files/feeds/known_exploited_vulnerabilities.json
kev/CVE-2023-21492.txt	https://www.cisa.gov/sites/default/files/feeds/known_exploited_vulnerabilities.json
kev/CVE-2023-25717.txt	https://www.cisa.gov/sites/default/files/feeds/known_exploited_vulnerabilities.json
kev/CVE-2021-3560.txt	https://www.cisa.gov/sites/default/files/feeds/known_exploited_vulnerabilities.json
kev/CVE-2014-0196.txt	https://www.cisa.gov/sites/default/files/feeds/known_exploited_vulnerabilities.json
kev/CVE-2010-3904.txt	https://www.cisa.gov/sites/default/files/feeds/known_exploited_vulnerabilities.json
kev/CVE-2015-5317.txt	https://www.cisa.gov/sites/default/files/feeds/known_exploited_vulnerabilities.json
kev/CVE-2016-3427.txt	https://www.cisa.gov/sites/default/files/feeds/known_exploited_vulnerabilities.json
kev/CVE-2016-8735.txt	https://www.cisa.gov/sites/default/files/feeds/known_exploited_vulnerabilities.json
kev/CVE-2023-29336.txt	https://www.cisa.gov/sites/default/files/feeds/known_exploited_vulnerabilities.json
kev/CVE-2023-1389.txt	https://www.cisa.gov/sites/default/files/feeds/known_exploited_vulnerabilities.json
kev/CVE-2021-45046.txt	https://www.cisa.gov/sites/default/files/feeds/known_exploited_vulnerabilities.json
kev/CVE-2023-21839.txt	https://www.cisa.gov/sites/default/files/feeds/known_exploited_vulnerabilities.json
kev/CVE-2023-28432.txt	https://www.cisa.gov/sites/default/files/feeds/known_exploited_vulnerabilities.json
kev/CVE-2023-27350.txt	https://www.cisa.gov/sites/default/files/feeds/known_exploited_vulnerabilities.json
kev/CVE-2023-2136.txt	https://www.cisa.gov/sites/default/files/feeds/known_exploited_vulnerabilities.json
kev/CVE-2017-6742.txt	https://www.cisa.gov/sites/default/files/feeds/known_exploited_vulnerabilities.json
kev/CVE-2019-8526.txt	https://www.cisa.gov/sites/default/files/feeds/known_exploited_vulnerabilities.json
kev/CVE-2023-2033.txt	https://www.cisa.gov/sites/default/files/feeds/known_exploited_vulnerabilities.json
kev/CVE-2023-20963.txt	https://www.cisa.gov/sites/default/files/feeds/known_exploited_vulnerabilities.json
kev/CVE-2023-29492.txt	https://www.cisa.gov/sites/default/files/feeds/known_exploited_vulnerabilities.json
kev/CVE-2023-28252.txt	https://www.cisa.gov/sites/default/files/feeds/known_exploited_vulnerabilities.json
kev/CVE-2023-28205.txt	https://www.cisa.gov/sites/default/files/feeds/known_exploited_vulnerabilities.json
kev/CVE-2023-28206.txt	https://www.cisa.gov/sites/default/files/feeds/known_exploited_vulnerabilities.json
kev/CVE-2021-27876.txt	https://www.cisa.gov/sites/default/files/feeds/known_exploited_vulnerabilities.json
kev/CVE-2021-27877.txt	https://www.cisa.gov/sites/default/files/feeds/known_exploited_vulnerabilities.json
kev/CVE-2021-27878.txt	https://www.cisa.gov/sites/default/files/feeds/known_exploited_vulnerabilities.json
kev/CVE-2019-1388.txt	https://www.cisa.gov/sites/default/files/feeds/known_exploited_vulnerabilities.json
kev/CVE-2023-26083.txt	https://www.cisa.gov/sites/default/files/feeds/known_exploited_vulnerabilities.json
kev/CVE-2022-27926.txt	https://www.cisa.gov/sites/default/files/feeds/known_exploited_vulnerabilities.json
kev/CVE-2013-3163.txt	https://www.cisa.gov/sites/default/files/feeds/known_exploited_vulnerabilities.json
kev/CVE-2017-7494.txt	https://www.cisa.gov/sites/default/files/feeds/known_exploited_vulnerabilities.json
kev/CVE-2022-42948.txt	https://www.cisa.gov/sites/default/files/feeds/known_exploited_vulnerabilities.json
kev/CVE-2022-39197.txt	https://www.cisa.gov/sites/default/files/feeds/known_exploited_vulnerabilities.json
kev/CVE-2021-30900.txt	https://www.cisa.gov/sites/default/files/feeds/known_exploited_vulnerabilities.json
kev/CVE-2022-38181.txt	https://www.cisa.gov/sites/default/files/feeds/known_exploited_vulnerabilities.json
kev/CVE-2023-0266.txt	https://www.cisa.gov/sites/default/files/feeds/known_exploited_vulnerabilities.json
kev/CVE-2022-3038.txt	https://www.cisa.gov/sites/default/files/feeds/known_exploited_vulnerabilities.json
kev/CVE-2022-22706.txt	https://www.cisa.gov/sites/default/files/feeds/known_exploited_vulnerabilities.json
kev/CVE-2023-26360.txt	https://www.cisa.gov/sites/default/files/feeds/known_exploited_vulnerabilities.json
kev/CVE-2023-23397.txt	https://www.cisa.gov/sites/default/files/feeds/known_exploited_vulnerabilities.json
kev/CVE-2023-24880.txt	https://www.cisa.gov/sites/default/files/feeds/known_exploited_vulnerabilities.json
kev/CVE-2022-41328.txt	https://www.cisa.gov/sites/default/files/feeds/known_exploited_vulnerabilities.json
kev/CVE-2021-39144.txt	https://www.cisa.gov/sites/default/files/feeds/known_exploited_vulnerabilities.json
kev/CVE-2020-5741.txt	https://www.cisa.gov/sites/default/files/feeds/known_exploited_vulnerabilities.json
kev/CVE-2022-28810.txt	https://www.cisa.gov/sites/default/files/feeds/known_exploited_vulnerabilities.json
kev/CVE-2022-33891.txt	https://www.cisa.gov/sites/default/files/feeds/known_exploited_vulnerabilities.json
kev/CVE-2022-35914.txt	https://www.cisa.gov/sites/default/files/feeds/known_exploited_vulnerabilities.json
kev/CVE-2022-36537.txt	https://www.cisa.gov/sites/default/files/feeds/known_exploited_vulnerabilities.json
kev/CVE-2022-47986.txt	https://www.cisa.gov/sites/default/files/feeds/known_exploited_vulnerabilities.json
kev/CVE-2022-41223.txt	https://www.cisa.gov/sites/default/files/feeds/known_exploited_vulnerabilities.json
kev/CVE-2022-40765.txt	https://www.cisa.gov/sites/default/files/feeds/known_exploited_vulnerabilities.json
kev/CVE-2022-46169.txt	https://www.cisa.gov/sites/default/files/feeds/known_exploited_vulnerabilities.json
kev/CVE-2023-21715.txt	https://www.cisa.gov/sites/default/files/feeds/known_exploited_vulnerabilities.json
kev/CVE-2023-23376.txt	https://www.cisa.gov/sites/default/files/feeds/known_exploited_vulnerabilities.json
kev/CVE-2023-23529.txt	https://www.cisa.gov/sites/default/files/feeds/known_exploited_vulnerabilities.json
kev/CVE-2023-21823.txt	https://www.cisa.gov/sites/default/files/feeds/known_exploited_vulnerabilities.json
kev/CVE-2015-2291.txt	https://www.cisa.gov/sites/default/files/feeds/known_exploited_vulnerabilities.json
kev/CVE-2022-24990.txt	https://www.cisa.gov/sites/default/files/feeds/known_exploited_vulnerabilities.json
kev/CVE-2023-0669.txt	https://www.cisa.gov/sites/default/files/feeds/known_exploited_vulnerabilities.json
kev/CVE-2022-21587.txt	https://www.cisa.gov/sites/default/files/feeds/known_exploited_vulnerabilities.json
kev/CVE-2023-22952.txt	https://www.cisa.gov/sites/default/files/feeds/known_exploited_vulnerabilities.json
kev/CVE-2017-11357.txt	https://www.cisa.gov/sites/default/files/feeds/known_exploited_vulnerabilities.json
kev/CVE-2022-47966.txt	https://www.cisa.gov/sites/default/files/feeds/known_exploited_vulnerabilities.json
kev/CVE-2022-44877.txt	https://www.cisa.gov/sites/default/files/feeds/known_exploited_vulnerabilities.json
kev/CVE-2022-41080.txt	https://www.cisa.gov/sites/default/files/feeds/known_exploited_vulnerabilities.json
kev/CVE-2023-21674.txt	https://www.cisa.gov/sites/default/files/feeds/known_exploited_vulnerabilities.json
kev/CVE-2018-5430.txt	https://www.cisa.gov/sites/default/files/feeds/known_exploited_vulnerabilities.json
kev/CVE-2018-18809.txt	https://www.cisa.gov/sites/default/files/feeds/known_exploited_vulnerabilities.json
kev/CVE-2022-42856.txt	https://www.cisa.gov/sites/default/files/feeds/known_exploited_vulnerabilities.json
kev/CVE-2022-42475.txt	https://www.cisa.gov/sites/default/files/feeds/known_exploited_vulnerabilities.json
kev/CVE-2022-44698.txt	https://www.cisa.gov/sites/default/files/feeds/known_exploited_vulnerabilities.json
kev/CVE-2022-27518.txt	https://www.cisa.gov/sites/default/files/feeds/known_exploited_vulnerabilities.json
kev/CVE-2022-26500.txt	https://www.cisa.gov/sites/default/files/feeds/known_exploited_vulnerabilities.json
kev/CVE-2022-26501.txt	https://www.cisa.gov/sites/default/files/feeds/known_exploited_vulnerabilities.json
kev/CVE-2022-4262.txt	https://www.cisa.gov/sites/default/files/feeds/known_exploited_vulnerabilities.json
kev/CVE-2021-35587.txt	https://www.cisa.gov/sites/default/files/feeds/known_exploited_vulnerabilities.json
kev/CVE-2022-4135.txt	https://www.cisa.gov/sites/default/files/feeds/known_exploited_vulnerabilities.json
kev/CVE-2022-41049.txt	https://www.cisa.gov/sites/default/files/feeds/known_exploited_vulnerabilities.json
kev/CVE-2022-41091.txt	https://www.cisa.gov/sites/default/files/feeds/known_exploited_vulnerabilities.json
kev/CVE-2022-41073.txt	https://www.cisa.gov/sites/default/files/feeds/known_exploited_vulnerabilities.json
kev/CVE-2022-41125.txt	https://www.cisa.gov/sites/default/files/feeds/known_exploited_vulnerabilities.json
kev/CVE-2022-41128.txt	https://www.cisa.gov/sites/default/files/feeds/known_exploited_vulnerabilities.json
kev/CVE-2021-25337.txt	https://www.cisa.gov/sites/default/files/feeds/known_exploited_vulnerabilities.json
kev/CVE-2021-25369.txt	https://www.cisa.gov/sites/default/files/feeds/known_exploited_vulnerabilities.json
kev/CVE-2021-25370.txt	https://www.cisa.gov/sites/default/files/feeds/known_exploited_vulnerabilities.json
kev/CVE-2022-3723.txt	https://www.cisa.gov/sites/default/files/feeds/known_exploited_vulnerabilities.json
kev/CVE-2022-42827.txt	https://www.cisa.gov/sites/default/files/feeds/known_exploited_vulnerabilities.json
kev/CVE-2020-3433.txt	https://www.cisa.gov/sites/default/files/feeds/known_exploited_vulnerabilities.json
kev/CVE-2020-3153.txt	https://www.cisa.gov/sites/default/files/feeds/known_exploited_vulnerabilities.json
kev/CVE-2018-19323.txt	https://www.cisa.gov/sites/default/files/feeds/known_exploited_vulnerabilities.json
kev/CVE-2018-19322.txt	https://www.cisa.gov/sites/default/files/feeds/known_exploited_vulnerabilities.json
kev/CVE-2018-19321.txt	https://www.cisa.gov/sites/default/files/feeds/known_exploited_vulnerabilities.json
kev/CVE-2018-19320.txt	https://www.cisa.gov/sites/default/files/feeds/known_exploited_vulnerabilities.json
kev/CVE-2022-41352.txt	https://www.cisa.gov/sites/default/files/feeds/known_exploited_vulnerabilities.json
kev/CVE-2021-3493.txt	https://www.cisa.gov/sites/default/files/feeds/known_exploited_vulnerabilities.json
kev/CVE-2022-40684.txt	https://www.cisa.gov/sites/default/files/feeds/known_exploited_vulnerabilities.json
kev/CVE-2022-41033.txt	https://www.cisa.gov/sites/default/files/feeds/known_exploited_vulnerabilities.json
kev/CVE-2022-41082.txt	https://www.cisa.gov/sites/default/files/feeds/known_exploited_vulnerabilities.json
kev/CVE-2022-41040.txt	https://www.cisa.gov/sites/default/files/feeds/known_exploited_vulnerabilities.json
kev/CVE-2022-36804.txt	https://www.cisa.gov/sites/default/files/feeds/known_exploited_vulnerabilities.json
kev/CVE-2022-3236.txt	https://www.cisa.gov/sites/default/files/feeds/known_exploited_vulnerabilities.json
kev/CVE-2022-35405.txt	https://www.cisa.gov/sites/default/files/feeds/known_exploited_vulnerabilities.json
kev/CVE-2022-40139.txt	https://www.cisa.gov/sites/default/files/feeds/known_exploited_vulnerabilities.json
kev/CVE-2013-6282.txt	https://www.cisa.gov/sites/default/files/feeds/known_exploited_vulnerabilities.json
kev/CVE-2013-2597.txt	https://www.cisa.gov/sites/default/files/feeds/known_exploited_vulnerabilities.json
kev/CVE-2013-2596.txt	https://www.cisa.gov/sites/default/files/feeds/known_exploited_vulnerabilities.json
kev/CVE-2013-2094.txt	https://www.cisa.gov/sites/default/files/feeds/known_exploited_vulnerabilities.json
kev/CVE-2010-2568.txt	https://www.cisa.gov/sites/default/files/feeds/known_exploited_vulnerabilities.json
kev/CVE-2022-37969.txt	https://www.cisa.gov/sites/default/files/feeds/known_exploited_vulnerabilities.json
kev/CVE-2022-32917.txt	https://www.cisa.gov/sites/default/files/feeds/known_exploited_vulnerabilities.json
kev/CVE-2022-3075.txt	https://www.cisa.gov/sites/default/files/feeds/known_exploited_vulnerabilities.json
kev/CVE-2022-27593.txt	https://www.cisa.gov/sites/default/files/feeds/known_exploited_vulnerabilities.json
kev/CVE-2022-26258.txt	https://www.cisa.gov/sites/default/files/feeds/known_exploited_vulnerabilities.json
kev/CVE-2020-9934.txt	https://www.cisa.gov/sites/default/files/feeds/known_exploited_vulnerabilities.json
kev/CVE-2018-7445.txt	https://www.cisa.gov/sites/default/files/feeds/known_exploited_vulnerabilities.json
kev/CVE-2018-6530.txt	https://www.cisa.gov/sites/default/files/feeds/known_exploited_vulnerabilities.json
kev/CVE-2018-2628.txt	https://www.cisa.gov/sites/default/files/feeds/known_exploited_vulnerabilities.json
kev/CVE-2018-13374.txt	https://www.cisa.gov/sites/default/files/feeds/known_exploited_vulnerabilities.json
kev/CVE-2017-5521.txt	https://www.cisa.gov/sites/default/files/feeds/known_exploited_vulnerabilities.json
kev/CVE-2011-4723.txt	https://www.cisa.gov/sites/default/files/feeds/known_exploited_vulnerabilities.json
kev/CVE-2011-1823.txt	https://www.cisa.gov/sites/default/files/feeds/known_exploited_vulnerabilities.json
kev/CVE-2022-26352.txt	https://www.cisa.gov/sites/default/files/feeds/known_exploited_vulnerabilities.json
kev/CVE-2022-24706.txt	https://www.cisa.gov/sites/default/files/feeds/known_exploited_vulnerabilities.json
kev/CVE-2022-24112.txt	https://www.cisa.gov/sites/default/files/feeds/known_exploited_vulnerabilities.json
kev/CVE-2022-22963.txt	https://www.cisa.gov/sites/default/files/feeds/known_exploited_vulnerabilities.json
kev/CVE-2022-2294.txt	https://www.cisa.gov/sites/default/files/feeds/known_exploited_vulnerabilities.json
kev/CVE-2021-39226.txt	https://www.cisa.gov/sites/default/files/feeds/known_exploited_vulnerabilities.json
kev/CVE-2021-38406.txt	https://www.cisa.gov/sites/default/files/feeds/known_exploited_vulnerabilities.json
kev/CVE-2021-31010.txt	https://www.cisa.gov/sites/default/files/feeds/known_exploited_vulnerabilities.json
kev/CVE-2020-36193.txt	https://www.cisa.gov/sites/default/files/feeds/known_exploited_vulnerabilities.json
kev/CVE-2020-28949.txt	https://www.cisa.gov/sites/default/files/feeds/known_exploited_vulnerabilities.json
kev/CVE-2022-0028.txt	https://www.cisa.gov/sites/default/files/feeds/known_exploited_vulnerabilities.json
kev/CVE-2022-22536.txt	https://www.cisa.gov/sites/default/files/feeds/known_exploited_vulnerabilities.json
kev/CVE-2022-32894.txt	https://www.cisa.gov/sites/default/files/feeds/known_exploited_vulnerabilities.json
kev/CVE-2022-32893.txt	https://www.cisa.gov/sites/default/files/feeds/known_exploited_vulnerabilities.json
kev/CVE-2022-2856.txt	https://www.cisa.gov/sites/default/files/feeds/known_exploited_vulnerabilities.json
kev/CVE-2022-26923.txt	https://www.cisa.gov/sites/default/files/feeds/known_exploited_vulnerabilities.json
kev/CVE-2022-21971.txt	https://www.cisa.gov/sites/default/files/feeds/known_exploited_vulnerabilities.json
kev/CVE-2017-15944.txt	https://www.cisa.gov/sites/default/files/feeds/known_exploited_vulnerabilities.json
kev/CVE-2022-27925.txt	https://www.cisa.gov/sites/default/files/feeds/known_exploited_vulnerabilities.json
kev/CVE-2022-37042.txt	https://www.cisa.gov/sites/default/files/feeds/known_exploited_vulnerabilities.json
kev/CVE-2022-34713.txt	https://www.cisa.gov/sites/default/files/feeds/known_exploited_vulnerabilities.json
kev/CVE-2022-30333.txt	https://www.cisa.gov/sites/default/files/feeds/known_exploited_vulnerabilities.json
kev/CVE-2022-27924.txt	https://www.cisa.gov/sites/default/files/feeds/known_exploited_vulnerabilities.json
kev/CVE-2022-26138.txt	https://www.cisa.gov/sites/default/files/feeds/known_exploited_vulnerabilities.json
kev/CVE-2022-22047.txt	https://www.cisa.gov/sites/default/files/feeds/known_exploited_vulnerabilities.json
kev/CVE-2022-26925.txt	https://www.cisa.gov/sites/default/files/feeds/known_exploited_vulnerabilities.json
kev/CVE-2022-29499.txt	https://www.cisa.gov/sites/default/files/feeds/known_exploited_vulnerabilities.json
kev/CVE-2021-30533.txt	https://www.cisa.gov/sites/default/files/feeds/known_exploited_vulnerabilities.json
kev/CVE-2021-4034.txt	https://www.cisa.gov/sites/default/files/feeds/known_exploited_vulnerabilities.json
kev/CVE-2021-30983.txt	https://www.cisa.gov/sites/default/files/feeds/known_exploited_vulnerabilities.json
kev/CVE-2020-3837.txt	https://www.cisa.gov/sites/default/files/feeds/known_exploited_vulnerabilities.json
kev/CVE-2020-9907.txt	https://www.cisa.gov/sites/default/files/feeds/known_exploited_vulnerabilities.json
kev/CVE-2019-8605.txt	https://www.cisa.gov/sites/default/files/feeds/known_exploited_vulnerabilities.json
kev/CVE-2018-4344.txt	https://www.cisa.gov/sites/default/files/feeds/known_exploited_vulnerabilities.json
kev/CVE-2022-30190.txt	https://www.cisa.gov/sites/default/files/feeds/known_exploited_vulnerabilities.json
kev/CVE-2021-38163.txt	https://www.cisa.gov/sites/default/files/feeds/known_exploited_vulnerabilities.json
kev/CVE-2016-2386.txt	https://www.cisa.gov/sites/default/files/feeds/known_exploited_vulnerabilities.json
kev/CVE-2016-2388.txt	https://www.cisa.gov/sites/default/files/feeds/known_exploited_vulnerabilities.json
kev/CVE-2019-7195.txt	https://www.cisa.gov/sites/default/files/feeds/known_exploited_vulnerabilities.json
kev/CVE-2019-7194.txt	https://www.cisa.gov/sites/default/files/feeds/known_exploited_vulnerabilities.json
kev/CVE-2019-7193.txt	https://www.cisa.gov/sites/default/files/feeds/known_exploited_vulnerabilities.json
kev/CVE-2019-7192.txt	https://www.cisa.gov/sites/default/files/feeds/known_exploited_vulnerabilities.json
kev/CVE-2019-5825.txt	https://www.cisa.gov/sites/default/files/feeds/known_exploited_vulnerabilities.json
kev/CVE-2019-15271.txt	https://www.cisa.gov/sites/default/files/feeds/known_exploited_vulnerabilities.json
kev/CVE-2018-6065.txt	https://www.cisa.gov/sites/default/files/feeds/known_exploited_vulnerabilities.json
kev/CVE-2018-4990.txt	https://www.cisa.gov/sites/default/files/feeds/known_exploited_vulnerabilities.json
kev/CVE-2018-17480.txt	https://www.cisa.gov/sites/default/files/feeds/known_exploited_vulnerabilities.json
kev/CVE-2018-17463.txt	https://www.cisa.gov/sites/default/files/feeds/known_exploited_vulnerabilities.json
kev/CVE-2017-6862.txt	https://www.cisa.gov/sites/default/files/feeds/known_exploited_vulnerabilities.json
kev/CVE-2017-5070.txt	https://www.cisa.gov/sites/default/files/feeds/known_exploited_vulnerabilities.json
kev/CVE-2017-5030.txt	https://www.cisa.gov/sites/default/files/feeds/known_exploited_vulnerabilities.json
kev/CVE-2016-5198.txt	https://www.cisa.gov/sites/default/files/feeds/known_exploited_vulnerabilities.json
kev/CVE-2016-1646.txt	https://www.cisa.gov/sites/default/files/feeds/known_exploited_vulnerabilities.json
kev/CVE-2013-1331.txt	https://www.cisa.gov/sites/default/files/feeds/known_exploited_vulnerabilities.json
kev/CVE-2012-5054.txt	https://www.cisa.gov/sites/default/files/feeds/known_exploited_vulnerabilities.json
kev/CVE-2012-4969.txt	https://www.cisa.gov/sites/default/files/feeds/known_exploited_vulnerabilities.json
kev/CVE-2012-1889.txt	https://www.cisa.gov/sites/default/files/feeds/known_exploited_vulnerabilities.json
kev/CVE-2012-0767.txt	https://www.cisa.gov/sites/default/files/feeds/known_exploited_vulnerabilities.json
kev/CVE-2012-0754.txt	https://www.cisa.gov/sites/default/files/feeds/known_exploited_vulnerabilities.json
kev/CVE-2012-0151.txt	https://www.cisa.gov/sites/default/files/feeds/known_exploited_vulnerabilities.json
kev/CVE-2011-2462.txt	https://www.cisa.gov/sites/default/files/feeds/known_exploited_vulnerabilities.json
kev/CVE-2011-0609.txt	https://www.cisa.gov/sites/default/files/feeds/known_exploited_vulnerabilities.json
kev/CVE-2010-2883.txt	https://www.cisa.gov/sites/default/files/feeds/known_exploited_vulnerabilities.json
kev/CVE-2010-2572.txt	https://www.cisa.gov/sites/default/files/feeds/known_exploited_vulnerabilities.json
kev/CVE-2010-1297.txt	https://www.cisa.gov/sites/default/files/feeds/known_exploited_vulnerabilities.json
kev/CVE-2009-4324.txt	https://www.cisa.gov/sites/default/files/feeds/known_exploited_vulnerabilities.json
kev/CVE-2009-3953.txt	https://www.cisa.gov/sites/default/files/feeds/known_exploited_vulnerabilities.json
kev/CVE-2009-1862.txt	https://www.cisa.gov/sites/default/files/feeds/known_exploited_vulnerabilities.json
kev/CVE-2009-0563.txt	https://www.cisa.gov/sites/default/files/feeds/known_exploited_vulnerabilities.json
kev/CVE-2009-0557.txt	https://www.cisa.gov/sites/default/files/feeds/known_exploited_vulnerabilities.json
kev/CVE-2008-0655.txt	https://www.cisa.gov/sites/default/files/feeds/known_exploited_vulnerabilities.json
kev/CVE-2007-5659.txt	https://www.cisa.gov/sites/default/files/feeds/known_exploited_vulnerabilities.json
kev/CVE-2006-2492.txt	https://www.cisa.gov/sites/default/files/feeds/known_exploited_vulnerabilities.json
kev/CVE-2022-26134.txt	https://www.cisa.gov/sites/default/files/feeds/known_exploited_vulnerabilities.json
kev/CVE-2019-3010.txt	https://www.cisa.gov/sites/default/files/feeds/known_exploited_vulnerabilities.json
kev/CVE-2016-3393.txt	https://www.cisa.gov/sites/default/files/feeds/known_exploited_vulnerabilities.json
kev/CVE-2016-7256.txt	https://www.cisa.gov/sites/default/files/feeds/known_exploited_vulnerabilities.json
kev/CVE-2016-1010.txt	https://www.cisa.gov/sites/default/files/feeds/known_exploited_vulnerabilities.json
kev/CVE-2016-0984.txt	https://www.cisa.gov/sites/default/files/feeds/known_exploited_vulnerabilities.json
kev/CVE-2016-0034.txt	https://www.cisa.gov/sites/default/files/feeds/known_exploited_vulnerabilities.json
kev/CVE-2015-0310.txt	https://www.cisa.gov/sites/default/files/feeds/known_exploited_vulnerabilities.json
kev/CVE-2015-0016.txt	https://www.cisa.gov/sites/default/files/feeds/known_exploited_vulnerabilities.json
kev/CVE-2015-0071.txt	https://www.cisa.gov/sites/default/files/feeds/known_exploited_vulnerabilities.json
kev/CVE-2015-2360.txt	https://www.cisa.gov/sites/default/files/feeds/known_exploited_vulnerabilities.json
kev/CVE-2015-2425.txt	https://www.cisa.gov/sites/default/files/feeds/known_exploited_vulnerabilities.json
kev/CVE-2015-1769.txt	https://www.cisa.gov/sites/default/files/feeds/known_exploited_vulnerabilities.json
kev/CVE-2015-4495.txt	https://www.cisa.gov/sites/default/files/feeds/known_exploited_vulnerabilities.json
kev/CVE-2015-8651.txt	https://www.cisa.gov/sites/default/files/feeds/known_exploited_vulnerabilities.json
kev/CVE-2015-6175.txt	https://www.cisa.gov/sites/default/files/feeds/known_exploited_vulnerabilities.json
kev/CVE-2015-1671.txt	https://www.cisa.gov/sites/default/files/feeds/known_exploited_vulnerabilities.json
kev/CVE-2014-4148.txt	https://www.cisa.gov/sites/default/files/feeds/known_exploited_vulnerabilities.json
kev/CVE-2014-8439.txt	https://www.cisa.gov/sites/default/files/feeds/known_exploited_vulnerabilities.json
kev/CVE-2014-4123.txt	https://www.cisa.gov/sites/default/files/feeds/known_exploited_vulnerabilities.json
kev/CVE-2014-0546.txt	https://www.cisa.gov/sites/default/files/feeds/known_exploited_vulnerabilities.json
kev/CVE-2014-2817.txt	https://www.cisa.gov/sites/default/files/feeds/known_exploited_vulnerabilities.json
kev/CVE-2014-4077.txt	https://www.cisa.gov/sites/default/files/feeds/known_exploited_vulnerabilities.json
kev/CVE-2014-3153.txt	https://www.cisa.gov/sites/default/files/feeds/known_exploited_vulnerabilities.json
kev/CVE-2013-7331.txt	https://www.cisa.gov/sites/default/files/feeds/known_exploited_vulnerabilities.json
kev/CVE-2013-3993.txt	https://www.cisa.gov/sites/default/files/feeds/known_exploited_vulnerabilities.json
kev/CVE-2013-3896.txt	https://www.cisa.gov/sites/default/files/feeds/known_exploited_vulnerabilities.json
kev/CVE-2013-2423.txt	https://www.cisa.gov/sites/default/files/feeds/known_exploited_vulnerabilities.json
kev/CVE-2013-0431.txt	https://www.cisa.gov/sites/default/files/feeds/known_exploited_vulnerabilities.json
kev/CVE-2013-0422.txt	https://www.cisa.gov/sites/default/files/feeds/known_exploited_vulnerabilities.json
kev/CVE-2013-0074.txt	https://www.cisa.gov/sites/default/files/feeds/known_exploited_vulnerabilities.json
kev/CVE-2012-1710.txt	https://www.cisa.gov/sites/default/files/feeds/known_exploited_vulnerabilities.json
kev/CVE-2010-1428.txt	https://www.cisa.gov/sites/default/files/feeds/known_exploited_vulnerabilities.json
kev/CVE-2010-0840.txt	https://www.cisa.gov/sites/default/files/feeds/known_exploited_vulnerabilities.json
kev/CVE-2010-0738.txt	https://www.cisa.gov/sites/default/files/feeds/known_exploited_vulnerabilities.json
kev/CVE-2018-8611.txt	https://www.cisa.gov/sites/default/files/feeds/known_exploited_vulnerabilities.json
kev/CVE-2018-19953.txt	https://www.cisa.gov/sites/default/files/feeds/known_exploited_vulnerabilities.json
kev/CVE-2018-19949.txt	https://www.cisa.gov/sites/default/files/feeds/known_exploited_vulnerabilities.json
kev/CVE-2018-19943.txt	https://www.cisa.gov/sites/default/files/feeds/known_exploited_vulnerabilities.json
kev/CVE-2017-0147.txt	https://www.cisa.gov/sites/default/files/feeds/known_exploited_vulnerabilities.json
kev/CVE-2017-0022.txt	https://www.cisa.gov/sites/default/files/feeds/known_exploited_vulnerabilities.json
kev/CVE-2017-0005.txt	https://www.cisa.gov/sites/default/files/feeds/known_exploited_vulnerabilities.json
kev/CVE-2017-0149.txt	https://www.cisa.gov/sites/default/files/feeds/known_exploited_vulnerabilities.json
kev/CVE-2017-0210.txt	https://www.cisa.gov/sites/default/files/feeds/known_exploited_vulnerabilities.json
kev/CVE-2017-8291.txt	https://www.cisa.gov/sites/default/files/feeds/known_exploited_vulnerabilities.json
kev/CVE-2017-8543.txt	https://www.cisa.gov/sites/default/files/feeds/known_exploited_vulnerabilities.json
kev/CVE-2017-18362.txt	https://www.cisa.gov/sites/default/files/feeds/known_exploited_vulnerabilities.json
kev/CVE-2016-0162.txt	https://www.cisa.gov/sites/default/files/feeds/known_exploited_vulnerabilities.json
kev/CVE-2016-3351.txt	https://www.cisa.gov/sites/default/files/feeds/known_exploited_vulnerabilities.json
kev/CVE-2016-4655.txt	https://www.cisa.gov/sites/default/files/feeds/known_exploited_vulnerabilities.json
kev/CVE-2016-4656.txt	https://www.cisa.gov/sites/default/files/feeds/known_exploited_vulnerabilities.json
kev/CVE-2016-4657.txt	https://www.cisa.gov/sites/default/files/feeds/known_exploited_vulnerabilities.json
kev/CVE-2016-6366.txt	https://www.cisa.gov/sites/default/files/feeds/known_exploited_vulnerabilities.json
kev/CVE-2016-6367.txt	https://www.cisa.gov/sites/default/files/feeds/known_exploited_vulnerabilities.json
kev/CVE-2016-3298.txt	https://www.cisa.gov/sites/default/files/feeds/known_exploited_vulnerabilities.json
kev/CVE-2022-20821.txt	https://www.cisa.gov/sites/default/files/feeds/known_exploited_vulnerabilities.json
kev/CVE-2021-1048.txt	https://www.cisa.gov/sites/default/files/feeds/known_exploited_vulnerabilities.json
kev/CVE-2021-0920.txt	https://www.cisa.gov/sites/default/files/feeds/known_exploited_vulnerabilities.json
kev/CVE-2021-30883.txt	https://www.cisa.gov/sites/default/files/feeds/known_exploited_vulnerabilities.json
kev/CVE-2020-1027.txt	https://www.cisa.gov/sites/default/files/feeds/known_exploited_vulnerabilities.json
kev/CVE-2020-0638.txt	https://www.cisa.gov/sites/default/files/feeds/known_exploited_vulnerabilities.json
kev/CVE-2019-7286.txt	https://www.cisa.gov/sites/default/files/feeds/known_exploited_vulnerabilities.json
kev/CVE-2019-7287.txt	https://www.cisa.gov/sites/default/files/feeds/known_exploited_vulnerabilities.json
kev/CVE-2019-0676.txt	https://www.cisa.gov/sites/default/files/feeds/known_exploited_vulnerabilities.json
kev/CVE-2019-5786.txt	https://www.cisa.gov/sites/default/files/feeds/known_exploited_vulnerabilities.json
kev/CVE-2019-0703.txt	https://www.cisa.gov/sites/default/files/feeds/known_exploited_vulnerabilities.json
kev/CVE-2019-0880.txt	https://www.cisa.gov/sites/default/files/feeds/known_exploited_vulnerabilities.json
kev/CVE-2019-13720.txt	https://www.cisa.gov/sites/default/files/feeds/known_exploited_vulnerabilities.json
kev/CVE-2019-11707.txt	https://www.cisa.gov/sites/default/files/feeds/known_exploited_vulnerabilities.json
kev/CVE-2019-11708.txt	https://www.cisa.gov/sites/default/files/feeds/known_exploited_vulnerabilities.json
kev/CVE-2019-8720.txt	https://www.cisa.gov/sites/default/files/feeds/known_exploited_vulnerabilities.json
kev/CVE-2019-18426.txt	https://www.cisa.gov/sites/default/files/feeds/known_exploited_vulnerabilities.json
kev/CVE-2019-1385.txt	https://www.cisa.gov/sites/default/files/feeds/known_exploited_vulnerabilities.json
kev/CVE-2019-1130.txt	https://www.cisa.gov/sites/default/files/feeds/known_exploited_vulnerabilities.json
kev/CVE-2018-5002.txt	https://www.cisa.gov/sites/default/files/feeds/known_exploited_vulnerabilities.json
kev/CVE-2018-8589.txt	https://www.cisa.gov/sites/default/files/feeds/known_exploited_vulnerabilities.json
kev/CVE-2022-30525.txt	https://www.cisa.gov/sites/default/files/feeds/known_exploited_vulnerabilities.json
kev/CVE-2022-22947.txt	https://www.cisa.gov/sites/default/files/feeds/known_exploited_vulnerabilities.json
kev/CVE-2022-1388.txt	https://www.cisa.gov/sites/default/files/feeds/known_exploited_vulnerabilities.json
kev/CVE-2021-1789.txt	https://www.cisa.gov/sites/default/files/feeds/known_exploited_vulnerabilities.json
kev/CVE-2019-8506.txt	https://www.cisa.gov/sites/default/files/feeds/known_exploited_vulnerabilities.json
kev/CVE-2014-4113.txt	https://www.cisa.gov/sites/default/files/feeds/known_exploited_vulnerabilities.json
kev/CVE-2014-0322.txt	https://www.cisa.gov/sites/default/files/feeds/known_exploited_vulnerabilities.json
kev/CVE-2014-0160.txt	https://www.cisa.gov/sites/default/files/feeds/known_exploited_vulnerabilities.json
kev/CVE-2022-29464.txt	https://www.cisa.gov/sites/default/files/feeds/known_exploited_vulnerabilities.json
kev/CVE-2022-26904.txt	https://www.cisa.gov/sites/default/files/feeds/known_exploited_vulnerabilities.json
kev/CVE-2022-21919.txt	https://www.cisa.gov/sites/default/files/feeds/known_exploited_vulnerabilities.json
kev/CVE-2022-0847.txt	https://www.cisa.gov/sites/default/files/feeds/known_exploited_vulnerabilities.json
kev/CVE-2021-41357.txt	https://www.cisa.gov/sites/default/files/feeds/known_exploited_vulnerabilities.json
kev/CVE-2021-40450.txt	https://www.cisa.gov/sites/default/files/feeds/known_exploited_vulnerabilities.json
kev/CVE-2019-1003029.txt	https://www.cisa.gov/sites/default/files/feeds/known_exploited_vulnerabilities.json
kev/CVE-2018-6882.txt	https://www.cisa.gov/sites/default/files/feeds/known_exploited_vulnerabilities.json
kev/CVE-2019-3568.txt	https://www.cisa.gov/sites/default/files/feeds/known_exploited_vulnerabilities.json
kev/CVE-2022-22718.txt	https://www.cisa.gov/sites/default/files/feeds/known_exploited_vulnerabilities.json
kev/CVE-2022-22960.txt	https://www.cisa.gov/sites/default/files/feeds/known_exploited_vulnerabilities.json
kev/CVE-2022-1364.txt	https://www.cisa.gov/sites/default/files/feeds/known_exploited_vulnerabilities.json
kev/CVE-2019-3929.txt	https://www.cisa.gov/sites/default/files/feeds/known_exploited_vulnerabilities.json
kev/CVE-2019-16057.txt	https://www.cisa.gov/sites/default/files/feeds/known_exploited_vulnerabilities.json
kev/CVE-2018-7841.txt	https://www.cisa.gov/sites/default/files/feeds/known_exploited_vulnerabilities.json
kev/CVE-2016-4523.txt	https://www.cisa.gov/sites/default/files/feeds/known_exploited_vulnerabilities.json
kev/CVE-2014-0780.txt	https://www.cisa.gov/sites/default/files/feeds/known_exploited_vulnerabilities.json
kev/CVE-2010-5330.txt	https://www.cisa.gov/sites/default/files/feeds/known_exploited_vulnerabilities.json
kev/CVE-2007-3010.txt	https://www.cisa.gov/sites/default/files/feeds/known_exploited_vulnerabilities.json
kev/CVE-2022-22954.txt	https://www.cisa.gov/sites/default/files/feeds/known_exploited_vulnerabilities.json
kev/CVE-2022-24521.txt	https://www.cisa.gov/sites/default/files/feeds/known_exploited_vulnerabilities.json
kev/CVE-2018-7602.txt	https://www.cisa.gov/sites/default/files/feeds/known_exploited_vulnerabilities.json
kev/CVE-2018-20753.txt	https://www.cisa.gov/sites/default/files/feeds/known_exploited_vulnerabilities.json
kev/CVE-2015-5123.txt	https://www.cisa.gov/sites/default/files/feeds/known_exploited_vulnerabilities.json
kev/CVE-2015-5122.txt	https://www.cisa.gov/sites/default/files/feeds/known_exploited_vulnerabilities.json
kev/CVE-2015-3113.txt	https://www.cisa.gov/sites/default/files/feeds/known_exploited_vulnerabilities.json
kev/CVE-2015-2502.txt	https://www.cisa.gov/sites/default/files/feeds/known_exploited_vulnerabilities.json
kev/CVE-2015-0313.txt	https://www.cisa.gov/sites/default/files/feeds/known_exploited_vulnerabilities.json
kev/CVE-2015-0311.txt	https://www.cisa.gov/sites/default/files/feeds/known_exploited_vulnerabilities.json
kev/CVE-2014-9163.txt	https://www.cisa.gov/sites/default/files/feeds/known_exploited_vulnerabilities.json
kev/CVE-2022-23176.txt	https://www.cisa.gov/sites/default/files/feeds/known_exploited_vulnerabilities.json
kev/CVE-2021-42287.txt	https://www.cisa.gov/sites/default/files/feeds/known_exploited_vulnerabilities.json
kev/CVE-2021-42278.txt	https://www.cisa.gov/sites/default/files/feeds/known_exploited_vulnerabilities.json
kev/CVE-2021-39793.txt	https://www.cisa.gov/sites/default/files/feeds/known_exploited_vulnerabilities.json
kev/CVE-2021-27852.txt	https://www.cisa.gov/sites/default/files/feeds/known_exploited_vulnerabilities.json
kev/CVE-2021-22600.txt	https://www.cisa.gov/sites/default/files/feeds/known_exploited_vulnerabilities.json
kev/CVE-2020-2509.txt	https://www.cisa.gov/sites/default/files/feeds/known_exploited_vulnerabilities.json
kev/CVE-2017-11317.txt	https://www.cisa.gov/sites/default/files/feeds/known_exploited_vulnerabilities.json
kev/CVE-2021-3156.txt	https://www.cisa.gov/sites/default/files/feeds/known_exploited_vulnerabilities.json
kev/CVE-2021-31166.txt	https://www.cisa.gov/sites/default/files/feeds/known_exploited_vulnerabilities.json
kev/CVE-2017-0148.txt	https://www.cisa.gov/sites/default/files/feeds/known_exploited_vulnerabilities.json
kev/CVE-2022-22965.txt	https://www.cisa.gov/sites/default/files/feeds/known_exploited_vulnerabilities.json
kev/CVE-2022-22675.txt	https://www.cisa.gov/sites/default/files/feeds/known_exploited_vulnerabilities.json
kev/CVE-2022-22674.txt	https://www.cisa.gov/sites/default/files/feeds/known_exploited_vulnerabilities.json
kev/CVE-2021-45382.txt	https://www.cisa.gov/sites/default/files/feeds/known_exploited_vulnerabilities.json
kev/CVE-2022-26871.txt	https://www.cisa.gov/sites/default/files/feeds/known_exploited_vulnerabilities.json
kev/CVE-2022-1040.txt	https://www.cisa.gov/sites/default/files/feeds/known_exploited_vulnerabilities.json
kev/CVE-2021-34484.txt	https://www.cisa.gov/sites/default/files/feeds/known_exploited_vulnerabilities.json
kev/CVE-2021-28799.txt	https://www.cisa.gov/sites/default/files/feeds/known_exploited_vulnerabilities.json
kev/CVE-2021-21551.txt	https://www.cisa.gov/sites/default/files/feeds/known_exploited_vulnerabilities.json
kev/CVE-2018-10562.txt	https://www.cisa.gov/sites/default/files/feeds/known_exploited_vulnerabilities.json
kev/CVE-2018-10561.txt	https://www.cisa.gov/sites/default/files/feeds/known_exploited_vulnerabilities.json
kev/CVE-2022-1096.txt	https://www.cisa.gov/sites/default/files/feeds/known_exploited_vulnerabilities.json
kev/CVE-2022-0543.txt	https://www.cisa.gov/sites/default/files/feeds/known_exploited_vulnerabilities.json
kev/CVE-2021-38646.txt	https://www.cisa.gov/sites/default/files/feeds/known_exploited_vulnerabilities.json
kev/CVE-2021-34486.txt	https://www.cisa.gov/sites/default/files/feeds/known_exploited_vulnerabilities.json
kev/CVE-2021-26085.txt	https://www.cisa.gov/sites/default/files/feeds/known_exploited_vulnerabilities.json
kev/CVE-2021-20028.txt	https://www.cisa.gov/sites/default/files/feeds/known_exploited_vulnerabilities.json
kev/CVE-2019-7483.txt	https://www.cisa.gov/sites/default/files/feeds/known_exploited_vulnerabilities.json
kev/CVE-2018-8440.txt	https://www.cisa.gov/sites/default/files/feeds/known_exploited_vulnerabilities.json
kev/CVE-2018-8406.txt	https://www.cisa.gov/sites/default/files/feeds/known_exploited_vulnerabilities.json
kev/CVE-2018-8405.txt	https://www.cisa.gov/sites/default/files/feeds/known_exploited_vulnerabilities.json
kev/CVE-2017-0213.txt	https://www.cisa.gov/sites/default/files/feeds/known_exploited_vulnerabilities.json
kev/CVE-2017-0059.txt	https://www.cisa.gov/sites/default/files/feeds/known_exploited_vulnerabilities.json
kev/CVE-2017-0037.txt	https://www.cisa.gov/sites/default/files/feeds/known_exploited_vulnerabilities.json
kev/CVE-2016-7201.txt	https://www.cisa.gov/sites/default/files/feeds/known_exploited_vulnerabilities.json
kev/CVE-2016-7200.txt	https://www.cisa.gov/sites/default/files/feeds/known_exploited_vulnerabilities.json
kev/CVE-2016-0189.txt	https://www.cisa.gov/sites/default/files/feeds/known_exploited_vulnerabilities.json
kev/CVE-2016-0151.txt	https://www.cisa.gov/sites/default/files/feeds/known_exploited_vulnerabilities.json
kev/CVE-2016-0040.txt	https://www.cisa.gov/sites/default/files/feeds/known_exploited_vulnerabilities.json
kev/CVE-2015-2426.txt	https://www.cisa.gov/sites/default/files/feeds/known_exploited_vulnerabilities.json
kev/CVE-2015-2419.txt	https://www.cisa.gov/sites/default/files/feeds/known_exploited_vulnerabilities.json
kev/CVE-2015-1770.txt	https://www.cisa.gov/sites/default/files/feeds/known_exploited_vulnerabilities.json
kev/CVE-2013-3660.txt	https://www.cisa.gov/sites/default/files/feeds/known_exploited_vulnerabilities.json
kev/CVE-2013-2729.txt	https://www.cisa.gov/sites/default/files/feeds/known_exploited_vulnerabilities.json
kev/CVE-2013-2551.txt	https://www.cisa.gov/sites/default/files/feeds/known_exploited_vulnerabilities.json
kev/CVE-2013-2465.txt	https://www.cisa.gov/sites/default/files/feeds/known_exploited_vulnerabilities.json
kev/CVE-2013-1690.txt	https://www.cisa.gov/sites/default/files/feeds/known_exploited_vulnerabilities.json
kev/CVE-2012-5076.txt	https://www.cisa.gov/sites/default/files/feeds/known_exploited_vulnerabilities.json
kev/CVE-2012-2539.txt	https://www.cisa.gov/sites/default/files/feeds/known_exploited_vulnerabilities.json
kev/CVE-2012-2034.txt	https://www.cisa.gov/sites/default/files/feeds/known_exploited_vulnerabilities.json
kev/CVE-2012-0518.txt	https://www.cisa.gov/sites/default/files/feeds/known_exploited_vulnerabilities.json
kev/CVE-2011-2005.txt	https://www.cisa.gov/sites/default/files/feeds/known_exploited_vulnerabilities.json
kev/CVE-2010-4398.txt	https://www.cisa.gov/sites/default/files/feeds/known_exploited_vulnerabilities.json
kev/CVE-2022-26318.txt	https://www.cisa.gov/sites/default/files/feeds/known_exploited_vulnerabilities.json
kev/CVE-2022-26143.txt	https://www.cisa.gov/sites/default/files/feeds/known_exploited_vulnerabilities.json
kev/CVE-2022-21999.txt	https://www.cisa.gov/sites/default/files/feeds/known_exploited_vulnerabilities.json
kev/CVE-2021-42237.txt	https://www.cisa.gov/sites/default/files/feeds/known_exploited_vulnerabilities.json
kev/CVE-2021-22941.txt	https://www.cisa.gov/sites/default/files/feeds/known_exploited_vulnerabilities.json
kev/CVE-2020-9377.txt	https://www.cisa.gov/sites/default/files/feeds/known_exploited_vulnerabilities.json
kev/CVE-2020-9054.txt	https://www.cisa.gov/sites/default/files/feeds/known_exploited_vulnerabilities.json
kev/CVE-2020-7247.txt	https://www.cisa.gov/sites/default/files/feeds/known_exploited_vulnerabilities.json
kev/CVE-2020-5410.txt	https://www.cisa.gov/sites/default/files/feeds/known_exploited_vulnerabilities.json
kev/CVE-2020-25223.txt	https://www.cisa.gov/sites/default/files/feeds/known_exploited_vulnerabilities.json
kev/CVE-2020-2506.txt	https://www.cisa.gov/sites/default/files/feeds/known_exploited_vulnerabilities.json
kev/CVE-2020-2021.txt	https://www.cisa.gov/sites/default/files/feeds/known_exploited_vulnerabilities.json
kev/CVE-2020-1956.txt	https://www.cisa.gov/sites/default/files/feeds/known_exploited_vulnerabilities.json
kev/CVE-2020-1631.txt	https://www.cisa.gov/sites/default/files/feeds/known_exploited_vulnerabilities.json
kev/CVE-2019-6340.txt	https://www.cisa.gov/sites/default/files/feeds/known_exploited_vulnerabilities.json
kev/CVE-2019-2616.txt	https://www.cisa.gov/sites/default/files/feeds/known_exploited_vulnerabilities.json
kev/CVE-2019-16920.txt	https://www.cisa.gov/sites/default/files/feeds/known_exploited_vulnerabilities.json
kev/CVE-2019-15107.txt	https://www.cisa.gov/sites/default/files/feeds/known_exploited_vulnerabilities.json
kev/CVE-2019-12991.txt	https://www.cisa.gov/sites/default/files/feeds/known_exploited_vulnerabilities.json
kev/CVE-2019-12989.txt	https://www.cisa.gov/sites/default/files/feeds/known_exploited_vulnerabilities.json
kev/CVE-2019-11043.txt	https://www.cisa.gov/sites/default/files/feeds/known_exploited_vulnerabilities.json
kev/CVE-2019-10068.txt	https://www.cisa.gov/sites/default/files/feeds/known_exploited_vulnerabilities.json
kev/CVE-2019-1003030.txt	https://www.cisa.gov/sites/default/files/feeds/known_exploited_vulnerabilities.json
kev/CVE-2019-0903.txt	https://www.cisa.gov/sites/default/files/feeds/known_exploited_vulnerabilities.json
kev/CVE-2018-8414.txt	https://www.cisa.gov/sites/default/files/feeds/known_exploited_vulnerabilities.json
kev/CVE-2018-8373.txt	https://www.cisa.gov/sites/default/files/feeds/known_exploited_vulnerabilities.json
kev/CVE-2018-6961.txt	https://www.cisa.gov/sites/default/files/feeds/known_exploited_vulnerabilities.json
kev/CVE-2018-14839.txt	https://www.cisa.gov/sites/default/files/feeds/known_exploited_vulnerabilities.json
kev/CVE-2018-1273.txt	https://www.cisa.gov/sites/default/files/feeds/known_exploited_vulnerabilities.json
kev/CVE-2018-11138.txt	https://www.cisa.gov/sites/default/files/feeds/known_exploited_vulnerabilities.json
kev/CVE-2018-0147.txt	https://www.cisa.gov/sites/default/files/feeds/known_exploited_vulnerabilities.json
kev/CVE-2018-0125.txt	https://www.cisa.gov/sites/default/files/feeds/known_exploited_vulnerabilities.json
kev/CVE-2017-6334.txt	https://www.cisa.gov/sites/default/files/feeds/known_exploited_vulnerabilities.json
kev/CVE-2017-6316.txt	https://www.cisa.gov/sites/default/files/feeds/known_exploited_vulnerabilities.json
kev/CVE-2017-3881.txt	https://www.cisa.gov/sites/default/files/feeds/known_exploited_vulnerabilities.json
kev/CVE-2017-12617.txt	https://www.cisa.gov/sites/default/files/feeds/known_exploited_vulnerabilities.json
kev/CVE-2017-12615.txt	https://www.cisa.gov/sites/default/files/feeds/known_exploited_vulnerabilities.json
kev/CVE-2017-0146.txt	https://www.cisa.gov/sites/default/files/feeds/known_exploited_vulnerabilities.json
kev/CVE-2016-7892.txt	https://www.cisa.gov/sites/default/files/feeds/known_exploited_vulnerabilities.json
kev/CVE-2016-4171.txt	https://www.cisa.gov/sites/default/files/feeds/known_exploited_vulnerabilities.json
kev/CVE-2016-1555.txt	https://www.cisa.gov/sites/default/files/feeds/known_exploited_vulnerabilities.json
kev/CVE-2016-11021.txt	https://www.cisa.gov/sites/default/files/feeds/known_exploited_vulnerabilities.json
kev/CVE-2016-10174.txt	https://www.cisa.gov/sites/default/files/feeds/known_exploited_vulnerabilities.json
kev/CVE-2016-0752.txt	https://www.cisa.gov/sites/default/files/feeds/known_exploited_vulnerabilities.json
kev/CVE-2015-4068.txt	https://www.cisa.gov/sites/default/files/feeds/known_exploited_vulnerabilities.json
kev/CVE-2015-3035.txt	https://www.cisa.gov/sites/default/files/feeds/known_exploited_vulnerabilities.json
kev/CVE-2015-1427.txt	https://www.cisa.gov/sites/default/files/feeds/known_exploited_vulnerabilities.json
kev/CVE-2015-1187.txt	https://www.cisa.gov/sites/default/files/feeds/known_exploited_vulnerabilities.json
kev/CVE-2015-0666.txt	https://www.cisa.gov/sites/default/files/feeds/known_exploited_vulnerabilities.json
kev/CVE-2014-6332.txt	https://www.cisa.gov/sites/default/files/feeds/known_exploited_vulnerabilities.json
kev/CVE-2014-6324.txt	https://www.cisa.gov/sites/default/files/feeds/known_exploited_vulnerabilities.json
kev/CVE-2014-6287.txt	https://www.cisa.gov/sites/default/files/feeds/known_exploited_vulnerabilities.json
kev/CVE-2014-3120.txt	https://www.cisa.gov/sites/default/files/feeds/known_exploited_vulnerabilities.json
kev/CVE-2014-0130.txt	https://www.cisa.gov/sites/default/files/feeds/known_exploited_vulnerabilities.json
kev/CVE-2013-5223.txt	https://www.cisa.gov/sites/default/files/feeds/known_exploited_vulnerabilities.json
kev/CVE-2013-4810.txt	https://www.cisa.gov/sites/default/files/feeds/known_exploited_vulnerabilities.json
kev/CVE-2013-2251.txt	https://www.cisa.gov/sites/default/files/feeds/known_exploited_vulnerabilities.json
kev/CVE-2012-1823.txt	https://www.cisa.gov/sites/default/files/feeds/known_exploited_vulnerabilities.json
kev/CVE-2010-4345.txt	https://www.cisa.gov/sites/default/files/feeds/known_exploited_vulnerabilities.json
kev/CVE-2010-4344.txt	https://www.cisa.gov/sites/default/files/feeds/known_exploited_vulnerabilities.json
kev/CVE-2010-3035.txt	https://www.cisa.gov/sites/default/files/feeds/known_exploited_vulnerabilities.json
kev/CVE-2010-2861.txt	https://www.cisa.gov/sites/default/files/feeds/known_exploited_vulnerabilities.json
kev/CVE-2009-2055.txt	https://www.cisa.gov/sites/default/files/feeds/known_exploited_vulnerabilities.json
kev/CVE-2009-1151.txt	https://www.cisa.gov/sites/default/files/feeds/known_exploited_vulnerabilities.json
kev/CVE-2009-0927.txt	https://www.cisa.gov/sites/default/files/feeds/known_exploited_vulnerabilities.json
kev/CVE-2005-2773.txt	https://www.cisa.gov/sites/default/files/feeds/known_exploited_vulnerabilities.json
kev/CVE-2020-5135.txt	https://www.cisa.gov/sites/default/files/feeds/known_exploited_vulnerabilities.json
kev/CVE-2019-1405.txt	https://www.cisa.gov/sites/default/files/feeds/known_exploited_vulnerabilities.json
kev/CVE-2019-1322.txt	https://www.cisa.gov/sites/default/files/feeds/known_exploited_vulnerabilities.json
kev/CVE-2019-1315.txt	https://www.cisa.gov/sites/default/files/feeds/known_exploited_vulnerabilities.json
kev/CVE-2019-1253.txt	https://www.cisa.gov/sites/default/files/feeds/known_exploited_vulnerabilities.json
kev/CVE-2019-1132.txt	https://www.cisa.gov/sites/default/files/feeds/known_exploited_vulnerabilities.json
kev/CVE-2019-1129.txt	https://www.cisa.gov/sites/default/files/feeds/known_exploited_vulnerabilities.json
kev/CVE-2019-1069.txt	https://www.cisa.gov/sites/default/files/feeds/known_exploited_vulnerabilities.json
kev/CVE-2019-1064.txt	https://www.cisa.gov/sites/default/files/feeds/known_exploited_vulnerabilities.json
kev/CVE-2019-0841.txt	https://www.cisa.gov/sites/default/files/feeds/known_exploited_vulnerabilities.json
kev/CVE-2019-0543.txt	https://www.cisa.gov/sites/default/files/feeds/known_exploited_vulnerabilities.json
kev/CVE-2018-8120.txt	https://www.cisa.gov/sites/default/files/feeds/known_exploited_vulnerabilities.json
kev/CVE-2017-0101.txt	https://www.cisa.gov/sites/default/files/feeds/known_exploited_vulnerabilities.json
kev/CVE-2016-3309.txt	https://www.cisa.gov/sites/default/files/feeds/known_exploited_vulnerabilities.json
kev/CVE-2015-2546.txt	https://www.cisa.gov/sites/default/files/feeds/known_exploited_vulnerabilities.json
kev/CVE-2022-26486.txt	https://www.cisa.gov/sites/default/files/feeds/known_exploited_vulnerabilities.json
kev/CVE-2022-26485.txt	https://www.cisa.gov/sites/default/files/feeds/known_exploited_vulnerabilities.json
kev/CVE-2021-21973.txt	https://www.cisa.gov/sites/default/files/feeds/known_exploited_vulnerabilities.json
kev/CVE-2020-8218.txt	https://www.cisa.gov/sites/default/files/feeds/known_exploited_vulnerabilities.json
kev/CVE-2019-11581.txt	https://www.cisa.gov/sites/default/files/feeds/known_exploited_vulnerabilities.json
kev/CVE-2017-6077.txt	https://www.cisa.gov/sites/default/files/feeds/known_exploited_vulnerabilities.json
kev/CVE-2016-6277.txt	https://www.cisa.gov/sites/default/files/feeds/known_exploited_vulnerabilities.json
kev/CVE-2013-0631.txt	https://www.cisa.gov/sites/default/files/feeds/known_exploited_vulnerabilities.json
kev/CVE-2013-0629.txt	https://www.cisa.gov/sites/default/files/feeds/known_exploited_vulnerabilities.json
kev/CVE-2013-0625.txt	https://www.cisa.gov/sites/default/files/feeds/known_exploited_vulnerabilities.json
kev/CVE-2009-3960.txt	https://www.cisa.gov/sites/default/files/feeds/known_exploited_vulnerabilities.json
kev/CVE-2022-20708.txt	https://www.cisa.gov/sites/default/files/feeds/known_exploited_vulnerabilities.json
kev/CVE-2022-20703.txt	https://www.cisa.gov/sites/default/files/feeds/known_exploited_vulnerabilities.json
kev/CVE-2022-20701.txt	https://www.cisa.gov/sites/default/files/feeds/known_exploited_vulnerabilities.json
kev/CVE-2022-20700.txt	https://www.cisa.gov/sites/default/files/feeds/known_exploited_vulnerabilities.json
kev/CVE-2022-20699.txt	https://www.cisa.gov/sites/default/files/feeds/known_exploited_vulnerabilities.json
kev/CVE-2021-41379.txt	https://www.cisa.gov/sites/default/files/feeds/known_exploited_vulnerabilities.json
kev/CVE-2020-1938.txt	https://www.cisa.gov/sites/default/files/feeds/known_exploited_vulnerabilities.json
kev/CVE-2020-11899.txt	https://www.cisa.gov/sites/default/files/feeds/known_exploited_vulnerabilities.json
kev/CVE-2019-16928.txt	https://www.cisa.gov/sites/default/files/feeds/known_exploited_vulnerabilities.json
kev/CVE-2019-1652.txt	https://www.cisa.gov/sites/default/files/feeds/known_exploited_vulnerabilities.json
kev/CVE-2019-1297.txt	https://www.cisa.gov/sites/default/files/feeds/known_exploited_vulnerabilities.json
kev/CVE-2018-8581.txt	https://www.cisa.gov/sites/default/files/feeds/known_exploited_vulnerabilities.json
kev/CVE-2018-8298.txt	https://www.cisa.gov/sites/default/files/feeds/known_exploited_vulnerabilities.json
kev/CVE-2018-0180.txt	https://www.cisa.gov/sites/default/files/feeds/known_exploited_vulnerabilities.json
kev/CVE-2018-0179.txt	https://www.cisa.gov/sites/default/files/feeds/known_exploited_vulnerabilities.json
kev/CVE-2018-0175.txt	https://www.cisa.gov/sites/default/files/feeds/known_exploited_vulnerabilities.json
kev/CVE-2018-0174.txt	https://www.cisa.gov/sites/default/files/feeds/known_exploited_vulnerabilities.json
kev/CVE-2018-0173.txt	https://www.cisa.gov/sites/default/files/feeds/known_exploited_vulnerabilities.json
kev/CVE-2018-0172.txt	https://www.cisa.gov/sites/default/files/feeds/known_exploited_vulnerabilities.json
kev/CVE-2018-0167.txt	https://www.cisa.gov/sites/default/files/feeds/known_exploited_vulnerabilities.json
kev/CVE-2018-0161.txt	https://www.cisa.gov/sites/default/files/feeds/known_exploited_vulnerabilities.json
kev/CVE-2018-0159.txt	https://www.cisa.gov/sites/default/files/feeds/known_exploited_vulnerabilities.json
kev/CVE-2018-0158.txt	https://www.cisa.gov/sites/default/files/feeds/known_exploited_vulnerabilities.json
kev/CVE-2018-0156.txt	https://www.cisa.gov/sites/default/files/feeds/known_exploited_vulnerabilities.json
kev/CVE-2018-0155.txt	https://www.cisa.gov/sites/default/files/feeds/known_exploited_vulnerabilities.json
kev/CVE-2018-0154.txt	https://www.cisa.gov/sites/default/files/feeds/known_exploited_vulnerabilities.json
kev/CVE-2018-0151.txt	https://www.cisa.gov/sites/default/files/feeds/known_exploited_vulnerabilities.json
kev/CVE-2017-8540.txt	https://www.cisa.gov/sites/default/files/feeds/known_exploited_vulnerabilities.json
kev/CVE-2017-6744.txt	https://www.cisa.gov/sites/default/files/feeds/known_exploited_vulnerabilities.json
kev/CVE-2017-6743.txt	https://www.cisa.gov/sites/default/files/feeds/known_exploited_vulnerabilities.json
kev/CVE-2017-6740.txt	https://www.cisa.gov/sites/default/files/feeds/known_exploited_vulnerabilities.json
kev/CVE-2017-6739.txt	https://www.cisa.gov/sites/default/files/feeds/known_exploited_vulnerabilities.json
kev/CVE-2017-6738.txt	https://www.cisa.gov/sites/default/files/feeds/known_exploited_vulnerabilities.json
kev/CVE-2017-6737.txt	https://www.cisa.gov/sites/default/files/feeds/known_exploited_vulnerabilities.json
kev/CVE-2017-6736.txt	https://www.cisa.gov/sites/default/files/feeds/known_exploited_vulnerabilities.json
kev/CVE-2017-6663.txt	https://www.cisa.gov/sites/default/files/feeds/known_exploited_vulnerabilities.json
kev/CVE-2017-6627.txt	https://www.cisa.gov/sites/default/files/feeds/known_exploited_vulnerabilities.json
kev/CVE-2017-12319.txt	https://www.cisa.gov/sites/default/files/feeds/known_exploited_vulnerabilities.json
kev/CVE-2017-12240.txt	https://www.cisa.gov/sites/default/files/feeds/known_exploited_vulnerabilities.json
kev/CVE-2017-12238.txt	https://www.cisa.gov/sites/default/files/feeds/known_exploited_vulnerabilities.json
kev/CVE-2017-12237.txt	https://www.cisa.gov/sites/default/files/feeds/known_exploited_vulnerabilities.json
kev/CVE-2017-12235.txt	https://www.cisa.gov/sites/default/files/feeds/known_exploited_vulnerabilities.json
kev/CVE-2017-12234.txt	https://www.cisa.gov/sites/default/files/feeds/known_exploited_vulnerabilities.json
kev/CVE-2017-12233.txt	https://www.cisa.gov/sites/default/files/feeds/known_exploited_vulnerabilities.json
kev/CVE-2017-12232.txt	https://www.cisa.gov/sites/default/files/feeds/known_exploited_vulnerabilities.json
kev/CVE-2017-12231.txt	https://www.cisa.gov/sites/default/files/feeds/known_exploited_vulnerabilities.json
kev/CVE-2017-11826.txt	https://www.cisa.gov/sites/default/files/feeds/known_exploited_vulnerabilities.json
kev/CVE-2017-11292.txt	https://www.cisa.gov/sites/default/files/feeds/known_exploited_vulnerabilities.json
kev/CVE-2017-0261.txt	https://www.cisa.gov/sites/default/files/feeds/known_exploited_vulnerabilities.json
kev/CVE-2017-0001.txt	https://www.cisa.gov/sites/default/files/feeds/known_exploited_vulnerabilities.json
kev/CVE-2016-8562.txt	https://www.cisa.gov/sites/default/files/feeds/known_exploited_vulnerabilities.json
kev/CVE-2016-7855.txt	https://www.cisa.gov/sites/default/files/feeds/known_exploited_vulnerabilities.json
kev/CVE-2016-7262.txt	https://www.cisa.gov/sites/default/files/feeds/known_exploited_vulnerabilities.json
kev/CVE-2016-7193.txt	https://www.cisa.gov/sites/default/files/feeds/known_exploited_vulnerabilities.json
kev/CVE-2016-5195.txt	https://www.cisa.gov/sites/default/files/feeds/known_exploited_vulnerabilities.json
kev/CVE-2016-4117.txt	https://www.cisa.gov/sites/default/files/feeds/known_exploited_vulnerabilities.json
kev/CVE-2016-1019.txt	https://www.cisa.gov/sites/default/files/feeds/known_exploited_vulnerabilities.json
kev/CVE-2016-0099.txt	https://www.cisa.gov/sites/default/files/feeds/known_exploited_vulnerabilities.json
kev/CVE-2015-7645.txt	https://www.cisa.gov/sites/default/files/feeds/known_exploited_vulnerabilities.json
kev/CVE-2015-5119.txt	https://www.cisa.gov/sites/default/files/feeds/known_exploited_vulnerabilities.json
kev/CVE-2015-4902.txt	https://www.cisa.gov/sites/default/files/feeds/known_exploited_vulnerabilities.json
kev/CVE-2015-3043.txt	https://www.cisa.gov/sites/default/files/feeds/known_exploited_vulnerabilities.json
kev/CVE-2015-2590.txt	https://www.cisa.gov/sites/default/files/feeds/known_exploited_vulnerabilities.json
kev/CVE-2015-2545.txt	https://www.cisa.gov/sites/default/files/feeds/known_exploited_vulnerabilities.json
kev/CVE-2015-2424.txt	https://www.cisa.gov/sites/default/files/feeds/known_exploited_vulnerabilities.json
kev/CVE-2015-2387.txt	https://www.cisa.gov/sites/default/files/feeds/known_exploited_vulnerabilities.json
kev/CVE-2015-1701.txt	https://www.cisa.gov/sites/default/files/feeds/known_exploited_vulnerabilities.json
kev/CVE-2015-1642.txt	https://www.cisa.gov/sites/default/files/feeds/known_exploited_vulnerabilities.json
kev/CVE-2014-4114.txt	https://www.cisa.gov/sites/default/files/feeds/known_exploited_vulnerabilities.json
kev/CVE-2014-0496.txt	https://www.cisa.gov/sites/default/files/feeds/known_exploited_vulnerabilities.json
kev/CVE-2013-5065.txt	https://www.cisa.gov/sites/default/files/feeds/known_exploited_vulnerabilities.json
kev/CVE-2013-3897.txt	https://www.cisa.gov/sites/default/files/feeds/known_exploited_vulnerabilities.json
kev/CVE-2013-3346.txt	https://www.cisa.gov/sites/default/files/feeds/known_exploited_vulnerabilities.json
kev/CVE-2013-1675.txt	https://www.cisa.gov/sites/default/files/feeds/known_exploited_vulnerabilities.json
kev/CVE-2013-1347.txt	https://www.cisa.gov/sites/default/files/feeds/known_exploited_vulnerabilities.json
kev/CVE-2013-0641.txt	https://www.cisa.gov/sites/default/files/feeds/known_exploited_vulnerabilities.json
kev/CVE-2013-0640.txt	https://www.cisa.gov/sites/default/files/feeds/known_exploited_vulnerabilities.json
kev/CVE-2013-0632.txt	https://www.cisa.gov/sites/default/files/feeds/known_exploited_vulnerabilities.json
kev/CVE-2012-4681.txt	https://www.cisa.gov/sites/default/files/feeds/known_exploited_vulnerabilities.json
kev/CVE-2012-1856.txt	https://www.cisa.gov/sites/default/files/feeds/known_exploited_vulnerabilities.json
kev/CVE-2012-1723.txt	https://www.cisa.gov/sites/default/files/feeds/known_exploited_vulnerabilities.json
kev/CVE-2012-1535.txt	https://www.cisa.gov/sites/default/files/feeds/known_exploited_vulnerabilities.json
kev/CVE-2012-0507.txt	https://www.cisa.gov/sites/default/files/feeds/known_exploited_vulnerabilities.json
kev/CVE-2011-3544.txt	https://www.cisa.gov/sites/default/files/feeds/known_exploited_vulnerabilities.json
kev/CVE-2011-1889.txt	https://www.cisa.gov/sites/default/files/feeds/known_exploited_vulnerabilities.json
kev/CVE-2011-0611.txt	https://www.cisa.gov/sites/default/files/feeds/known_exploited_vulnerabilities.json
kev/CVE-2010-3333.txt	https://www.cisa.gov/sites/default/files/feeds/known_exploited_vulnerabilities.json
kev/CVE-2010-0232.txt	https://www.cisa.gov/sites/default/files/feeds/known_exploited_vulnerabilities.json
kev/CVE-2010-0188.txt	https://www.cisa.gov/sites/default/files/feeds/known_exploited_vulnerabilities.json
kev/CVE-2009-3129.txt	https://www.cisa.gov/sites/default/files/feeds/known_exploited_vulnerabilities.json
kev/CVE-2009-1123.txt	https://www.cisa.gov/sites/default/files/feeds/known_exploited_vulnerabilities.json
kev/CVE-2008-3431.txt	https://www.cisa.gov/sites/default/files/feeds/known_exploited_vulnerabilities.json
kev/CVE-2008-2992.txt	https://www.cisa.gov/sites/default/files/feeds/known_exploited_vulnerabilities.json
kev/CVE-2004-0210.txt	https://www.cisa.gov/sites/default/files/feeds/known_exploited_vulnerabilities.json
kev/CVE-2002-0367.txt	https://www.cisa.gov/sites/default/files/feeds/known_exploited_vulnerabilities.json
kev/CVE-2022-24682.txt	https://www.cisa.gov/sites/default/files/feeds/known_exploited_vulnerabilities.json
kev/CVE-2017-8570.txt	https://www.cisa.gov/sites/default/files/feeds/known_exploited_vulnerabilities.json
kev/CVE-2017-0222.txt	https://www.cisa.gov/sites/default/files/feeds/known_exploited_vulnerabilities.json
kev/CVE-2014-6352.txt	https://www.cisa.gov/sites/default/files/feeds/known_exploited_vulnerabilities.json
kev/CVE-2022-23131.txt	https://www.cisa.gov/sites/default/files/feeds/known_exploited_vulnerabilities.json
kev/CVE-2022-23134.txt	https://www.cisa.gov/sites/default/files/feeds/known_exploited_vulnerabilities.json
kev/CVE-2022-24086.txt	https://www.cisa.gov/sites/default/files/feeds/known_exploited_vulnerabilities.json
kev/CVE-2022-0609.txt	https://www.cisa.gov/sites/default/files/feeds/known_exploited_vulnerabilities.json
kev/CVE-2019-0752.txt	https://www.cisa.gov/sites/default/files/feeds/known_exploited_vulnerabilities.json
kev/CVE-2018-8174.txt	https://www.cisa.gov/sites/default/files/feeds/known_exploited_vulnerabilities.json
kev/CVE-2018-20250.txt	https://www.cisa.gov/sites/default/files/feeds/known_exploited_vulnerabilities.json
kev/CVE-2018-15982.txt	https://www.cisa.gov/sites/default/files/feeds/known_exploited_vulnerabilities.json
kev/CVE-2017-9841.txt	https://www.cisa.gov/sites/default/files/feeds/known_exploited_vulnerabilities.json
kev/CVE-2014-1761.txt	https://www.cisa.gov/sites/default/files/feeds/known_exploited_vulnerabilities.json
kev/CVE-2013-3906.txt	https://www.cisa.gov/sites/default/files/feeds/known_exploited_vulnerabilities.json
kev/CVE-2022-22620.txt	https://www.cisa.gov/sites/default/files/feeds/known_exploited_vulnerabilities.json
kev/CVE-2021-36934.txt	https://www.cisa.gov/sites/default/files/feeds/known_exploited_vulnerabilities.json
kev/CVE-2020-0796.txt	https://www.cisa.gov/sites/default/files/feeds/known_exploited_vulnerabilities.json
kev/CVE-2018-1000861.txt	https://www.cisa.gov/sites/default/files/feeds/known_exploited_vulnerabilities.json
kev/CVE-2017-9791.txt	https://www.cisa.gov/sites/default/files/feeds/known_exploited_vulnerabilities.json
kev/CVE-2017-8464.txt	https://www.cisa.gov/sites/default/files/feeds/known_exploited_vulnerabilities.json
kev/CVE-2017-10271.txt	https://www.cisa.gov/sites/default/files/feeds/known_exploited_vulnerabilities.json
kev/CVE-2017-0263.txt	https://www.cisa.gov/sites/default/files/feeds/known_exploited_vulnerabilities.json
kev/CVE-2017-0262.txt	https://www.cisa.gov/sites/default/files/feeds/known_exploited_vulnerabilities.json
kev/CVE-2017-0145.txt	https://www.cisa.gov/sites/default/files/feeds/known_exploited_vulnerabilities.json
kev/CVE-2017-0144.txt	https://www.cisa.gov/sites/default/files/feeds/known_exploited_vulnerabilities.json
kev/CVE-2016-3088.txt	https://www.cisa.gov/sites/default/files/feeds/known_exploited_vulnerabilities.json
kev/CVE-2015-2051.txt	https://www.cisa.gov/sites/default/files/feeds/known_exploited_vulnerabilities.json
kev/CVE-2015-1635.txt	https://www.cisa.gov/sites/default/files/feeds/known_exploited_vulnerabilities.json
kev/CVE-2015-1130.txt	https://www.cisa.gov/sites/default/files/feeds/known_exploited_vulnerabilities.json
kev/CVE-2014-4404.txt	https://www.cisa.gov/sites/default/files/feeds/known_exploited_vulnerabilities.json
kev/CVE-2022-21882.txt	https://www.cisa.gov/sites/default/files/feeds/known_exploited_vulnerabilities.json
kev/CVE-2022-22587.txt	https://www.cisa.gov/sites/default/files/feeds/known_exploited_vulnerabilities.json
kev/CVE-2021-20038.txt	https://www.cisa.gov/sites/default/files/feeds/known_exploited_vulnerabilities.json
kev/CVE-2020-5722.txt	https://www.cisa.gov/sites/default/files/feeds/known_exploited_vulnerabilities.json
kev/CVE-2020-0787.txt	https://www.cisa.gov/sites/default/files/feeds/known_exploited_vulnerabilities.json
kev/CVE-2017-5689.txt	https://www.cisa.gov/sites/default/files/feeds/known_exploited_vulnerabilities.json
kev/CVE-2014-1776.txt	https://www.cisa.gov/sites/default/files/feeds/known_exploited_vulnerabilities.json
kev/CVE-2014-6271.txt	https://www.cisa.gov/sites/default/files/feeds/known_exploited_vulnerabilities.json
kev/CVE-2014-7169.txt	https://www.cisa.gov/sites/default/files/feeds/known_exploited_vulnerabilities.json
kev/CVE-2006-1547.txt	https://www.cisa.gov/sites/default/files/feeds/known_exploited_vulnerabilities.json
kev/CVE-2012-0391.txt	https://www.cisa.gov/sites/default/files/feeds/known_exploited_vulnerabilities.json
kev/CVE-2018-8453.txt	https://www.cisa.gov/sites/default/files/feeds/known_exploited_vulnerabilities.json
kev/CVE-2021-35247.txt	https://www.cisa.gov/sites/default/files/feeds/known_exploited_vulnerabilities.json
kev/CVE-2021-32648.txt	https://www.cisa.gov/sites/default/files/feeds/known_exploited_vulnerabilities.json
kev/CVE-2021-25296.txt	https://www.cisa.gov/sites/default/files/feeds/known_exploited_vulnerabilities.json
kev/CVE-2021-25297.txt	https://www.cisa.gov/sites/default/files/feeds/known_exploited_vulnerabilities.json
kev/CVE-2021-25298.txt	https://www.cisa.gov/sites/default/files/feeds/known_exploited_vulnerabilities.json
kev/CVE-2021-40870.txt	https://www.cisa.gov/sites/default/files/feeds/known_exploited_vulnerabilities.json
kev/CVE-2021-33766.txt	https://www.cisa.gov/sites/default/files/feeds/known_exploited_vulnerabilities.json
kev/CVE-2021-21975.txt	https://www.cisa.gov/sites/default/files/feeds/known_exploited_vulnerabilities.json
kev/CVE-2021-21315.txt	https://www.cisa.gov/sites/default/files/feeds/known_exploited_vulnerabilities.json
kev/CVE-2021-22991.txt	https://www.cisa.gov/sites/default/files/feeds/known_exploited_vulnerabilities.json
kev/CVE-2020-14864.txt	https://www.cisa.gov/sites/default/files/feeds/known_exploited_vulnerabilities.json
kev/CVE-2020-13671.txt	https://www.cisa.gov/sites/default/files/feeds/known_exploited_vulnerabilities.json
kev/CVE-2020-11978.txt	https://www.cisa.gov/sites/default/files/feeds/known_exploited_vulnerabilities.json
kev/CVE-2020-13927.txt	https://www.cisa.gov/sites/default/files/feeds/known_exploited_vulnerabilities.json
kev/CVE-2021-22017.txt	https://www.cisa.gov/sites/default/files/feeds/known_exploited_vulnerabilities.json
kev/CVE-2021-36260.txt	https://www.cisa.gov/sites/default/files/feeds/known_exploited_vulnerabilities.json
kev/CVE-2020-6572.txt	https://www.cisa.gov/sites/default/files/feeds/known_exploited_vulnerabilities.json
kev/CVE-2019-1458.txt	https://www.cisa.gov/sites/default/files/feeds/known_exploited_vulnerabilities.json
kev/CVE-2013-3900.txt	https://www.cisa.gov/sites/default/files/feeds/known_exploited_vulnerabilities.json
kev/CVE-2019-2725.txt	https://www.cisa.gov/sites/default/files/feeds/known_exploited_vulnerabilities.json
kev/CVE-2019-9670.txt	https://www.cisa.gov/sites/default/files/feeds/known_exploited_vulnerabilities.json
kev/CVE-2018-13382.txt	https://www.cisa.gov/sites/default/files/feeds/known_exploited_vulnerabilities.json
kev/CVE-2018-13383.txt	https://www.cisa.gov/sites/default/files/feeds/known_exploited_vulnerabilities.json
kev/CVE-2019-1579.txt	https://www.cisa.gov/sites/default/files/feeds/known_exploited_vulnerabilities.json
kev/CVE-2019-10149.txt	https://www.cisa.gov/sites/default/files/feeds/known_exploited_vulnerabilities.json
kev/CVE-2015-7450.txt	https://www.cisa.gov/sites/default/files/feeds/known_exploited_vulnerabilities.json
kev/CVE-2017-1000486.txt	https://www.cisa.gov/sites/default/files/feeds/known_exploited_vulnerabilities.json
kev/CVE-2019-7609.txt	https://www.cisa.gov/sites/default/files/feeds/known_exploited_vulnerabilities.json
kev/CVE-2021-27860.txt	https://www.cisa.gov/sites/default/files/feeds/known_exploited_vulnerabilities.json
kev/CVE-2021-43890.txt	https://www.cisa.gov/sites/default/files/feeds/known_exploited_vulnerabilities.json
kev/CVE-2021-4102.txt	https://www.cisa.gov/sites/default/files/feeds/known_exploited_vulnerabilities.json
kev/CVE-2021-44515.txt	https://www.cisa.gov/sites/default/files/feeds/known_exploited_vulnerabilities.json
kev/CVE-2019-13272.txt	https://www.cisa.gov/sites/default/files/feeds/known_exploited_vulnerabilities.json
kev/CVE-2021-35394.txt	https://www.cisa.gov/sites/default/files/feeds/known_exploited_vulnerabilities.json
kev/CVE-2019-7238.txt	https://www.cisa.gov/sites/default/files/feeds/known_exploited_vulnerabilities.json
kev/CVE-2019-0193.txt	https://www.cisa.gov/sites/default/files/feeds/known_exploited_vulnerabilities.json
kev/CVE-2021-44168.txt	https://www.cisa.gov/sites/default/files/feeds/known_exploited_vulnerabilities.json
kev/CVE-2017-17562.txt	https://www.cisa.gov/sites/default/files/feeds/known_exploited_vulnerabilities.json
kev/CVE-2017-12149.txt	https://www.cisa.gov/sites/default/files/feeds/known_exploited_vulnerabilities.json
kev/CVE-2010-1871.txt	https://www.cisa.gov/sites/default/files/feeds/known_exploited_vulnerabilities.json
kev/CVE-2020-17463.txt	https://www.cisa.gov/sites/default/files/feeds/known_exploited_vulnerabilities.json
kev/CVE-2020-8816.txt	https://www.cisa.gov/sites/default/files/feeds/known_exploited_vulnerabilities.json
kev/CVE-2019-10758.txt	https://www.cisa.gov/sites/default/files/feeds/known_exploited_vulnerabilities.json
kev/CVE-2021-44228.txt	https://www.cisa.gov/sites/default/files/feeds/known_exploited_vulnerabilities.json
kev/CVE-2020-11261.txt	https://www.cisa.gov/sites/default/files/feeds/known_exploited_vulnerabilities.json
kev/CVE-2018-14847.txt	https://www.cisa.gov/sites/default/files/feeds/known_exploited_vulnerabilities.json
kev/CVE-2021-37415.txt	https://www.cisa.gov/sites/default/files/feeds/known_exploited_vulnerabilities.json
kev/CVE-2021-40438.txt	https://www.cisa.gov/sites/default/files/feeds/known_exploited_vulnerabilities.json
kev/CVE-2021-44077.txt	https://www.cisa.gov/sites/default/files/feeds/known_exploited_vulnerabilities.json
kev/CVE-2021-22204.txt	https://www.cisa.gov/sites/default/files/feeds/known_exploited_vulnerabilities.json
kev/CVE-2021-40449.txt	https://www.cisa.gov/sites/default/files/feeds/known_exploited_vulnerabilities.json
kev/CVE-2021-42321.txt	https://www.cisa.gov/sites/default/files/feeds/known_exploited_vulnerabilities.json
kev/CVE-2021-42292.txt	https://www.cisa.gov/sites/default/files/feeds/known_exploited_vulnerabilities.json
kev/CVE-2021-27104.txt	https://www.cisa.gov/sites/default/files/feeds/known_exploited_vulnerabilities.json
kev/CVE-2021-27102.txt	https://www.cisa.gov/sites/default/files/feeds/known_exploited_vulnerabilities.json
kev/CVE-2021-27101.txt	https://www.cisa.gov/sites/default/files/feeds/known_exploited_vulnerabilities.json
kev/CVE-2021-27103.txt	https://www.cisa.gov/sites/default/files/feeds/known_exploited_vulnerabilities.json
kev/CVE-2021-21017.txt	https://www.cisa.gov/sites/default/files/feeds/known_exploited_vulnerabilities.json
kev/CVE-2021-28550.txt	https://www.cisa.gov/sites/default/files/feeds/known_exploited_vulnerabilities.json
kev/CVE-2018-4939.txt	https://www.cisa.gov/sites/default/files/feeds/known_exploited_vulnerabilities.json
kev/CVE-2018-15961.txt	https://www.cisa.gov/sites/default/files/feeds/known_exploited_vulnerabilities.json
kev/CVE-2018-4878.txt	https://www.cisa.gov/sites/default/files/feeds/known_exploited_vulnerabilities.json
kev/CVE-2020-5735.txt	https://www.cisa.gov/sites/default/files/feeds/known_exploited_vulnerabilities.json
kev/CVE-2019-2215.txt	https://www.cisa.gov/sites/default/files/feeds/known_exploited_vulnerabilities.json
kev/CVE-2020-0041.txt	https://www.cisa.gov/sites/default/files/feeds/known_exploited_vulnerabilities.json
kev/CVE-2020-0069.txt	https://www.cisa.gov/sites/default/files/feeds/known_exploited_vulnerabilities.json
kev/CVE-2017-9805.txt	https://www.cisa.gov/sites/default/files/feeds/known_exploited_vulnerabilities.json
kev/CVE-2021-42013.txt	https://www.cisa.gov/sites/default/files/feeds/known_exploited_vulnerabilities.json
kev/CVE-2021-41773.txt	https://www.cisa.gov/sites/default/files/feeds/known_exploited_vulnerabilities.json
kev/CVE-2019-0211.txt	https://www.cisa.gov/sites/default/files/feeds/known_exploited_vulnerabilities.json
kev/CVE-2016-4437.txt	https://www.cisa.gov/sites/default/files/feeds/known_exploited_vulnerabilities.json
kev/CVE-2019-17558.txt	https://www.cisa.gov/sites/default/files/feeds/known_exploited_vulnerabilities.json
kev/CVE-2020-17530.txt	https://www.cisa.gov/sites/default/files/feeds/known_exploited_vulnerabilities.json
kev/CVE-2017-5638.txt	https://www.cisa.gov/sites/default/files/feeds/known_exploited_vulnerabilities.json
kev/CVE-2018-11776.txt	https://www.cisa.gov/sites/default/files/feeds/known_exploited_vulnerabilities.json
kev/CVE-2021-30858.txt	https://www.cisa.gov/sites/default/files/feeds/known_exploited_vulnerabilities.json
kev/CVE-2019-6223.txt	https://www.cisa.gov/sites/default/files/feeds/known_exploited_vulnerabilities.json
kev/CVE-2021-30860.txt	https://www.cisa.gov/sites/default/files/feeds/known_exploited_vulnerabilities.json
kev/CVE-2020-27930.txt	https://www.cisa.gov/sites/default/files/feeds/known_exploited_vulnerabilities.json
kev/CVE-2021-30807.txt	https://www.cisa.gov/sites/default/files/feeds/known_exploited_vulnerabilities.json
kev/CVE-2020-27950.txt	https://www.cisa.gov/sites/default/files/feeds/known_exploited_vulnerabilities.json
kev/CVE-2020-27932.txt	https://www.cisa.gov/sites/default/files/feeds/known_exploited_vulnerabilities.json
kev/CVE-2020-9818.txt	https://www.cisa.gov/sites/default/files/feeds/known_exploited_vulnerabilities.json
kev/CVE-2020-9819.txt	https://www.cisa.gov/sites/default/files/feeds/known_exploited_vulnerabilities.json
kev/CVE-2021-30762.txt	https://www.cisa.gov/sites/default/files/feeds/known_exploited_vulnerabilities.json
kev/CVE-2021-1782.txt	https://www.cisa.gov/sites/default/files/feeds/known_exploited_vulnerabilities.json
kev/CVE-2021-1870.txt	https://www.cisa.gov/sites/default/files/feeds/known_exploited_vulnerabilities.json
kev/CVE-2021-1871.txt	https://www.cisa.gov/sites/default/files/feeds/known_exploited_vulnerabilities.json
kev/CVE-2021-1879.txt	https://www.cisa.gov/sites/default/files/feeds/known_exploited_vulnerabilities.json
kev/CVE-2021-30661.txt	https://www.cisa.gov/sites/default/files/feeds/known_exploited_vulnerabilities.json
kev/CVE-2021-30666.txt	https://www.cisa.gov/sites/default/files/feeds/known_exploited_vulnerabilities.json
kev/CVE-2021-30713.txt	https://www.cisa.gov/sites/default/files/feeds/known_exploited_vulnerabilities.json
kev/CVE-2021-30657.txt	https://www.cisa.gov/sites/default/files/feeds/known_exploited_vulnerabilities.json
kev/CVE-2021-30665.txt	https://www.cisa.gov/sites/default/files/feeds/known_exploited_vulnerabilities.json
kev/CVE-2021-30663.txt	https://www.cisa.gov/sites/default/files/feeds/known_exploited_vulnerabilities.json
kev/CVE-2021-30761.txt	https://www.cisa.gov/sites/default/files/feeds/known_exploited_vulnerabilities.json
kev/CVE-2021-30869.txt	https://www.cisa.gov/sites/default/files/feeds/known_exploited_vulnerabilities.json
kev/CVE-2020-9859.txt	https://www.cisa.gov/sites/default/files/feeds/known_exploited_vulnerabilities.json
kev/CVE-2021-20090.txt	https://www.cisa.gov/sites/default/files/feeds/known_exploited_vulnerabilities.json
kev/CVE-2021-27562.txt	https://www.cisa.gov/sites/default/files/feeds/known_exploited_vulnerabilities.json
kev/CVE-2021-28664.txt	https://www.cisa.gov/sites/default/files/feeds/known_exploited_vulnerabilities.json
kev/CVE-2021-28663.txt	https://www.cisa.gov/sites/default/files/feeds/known_exploited_vulnerabilities.json
kev/CVE-2019-3398.txt	https://www.cisa.gov/sites/default/files/feeds/known_exploited_vulnerabilities.json
kev/CVE-2021-26084.txt	https://www.cisa.gov/sites/default/files/feeds/known_exploited_vulnerabilities.json
kev/CVE-2019-11580.txt	https://www.cisa.gov/sites/default/files/feeds/known_exploited_vulnerabilities.json
kev/CVE-2019-3396.txt	https://www.cisa.gov/sites/default/files/feeds/known_exploited_vulnerabilities.json
kev/CVE-2021-42258.txt	https://www.cisa.gov/sites/default/files/feeds/known_exploited_vulnerabilities.json
kev/CVE-2020-3452.txt	https://www.cisa.gov/sites/default/files/feeds/known_exploited_vulnerabilities.json
kev/CVE-2020-3580.txt	https://www.cisa.gov/sites/default/files/feeds/known_exploited_vulnerabilities.json
kev/CVE-2021-1497.txt	https://www.cisa.gov/sites/default/files/feeds/known_exploited_vulnerabilities.json
kev/CVE-2021-1498.txt	https://www.cisa.gov/sites/default/files/feeds/known_exploited_vulnerabilities.json
kev/CVE-2018-0171.txt	https://www.cisa.gov/sites/default/files/feeds/known_exploited_vulnerabilities.json
kev/CVE-2020-3118.txt	https://www.cisa.gov/sites/default/files/feeds/known_exploited_vulnerabilities.json
kev/CVE-2020-3566.txt	https://www.cisa.gov/sites/default/files/feeds/known_exploited_vulnerabilities.json
kev/CVE-2020-3569.txt	https://www.cisa.gov/sites/default/files/feeds/known_exploited_vulnerabilities.json
kev/CVE-2020-3161.txt	https://www.cisa.gov/sites/default/files/feeds/known_exploited_vulnerabilities.json
kev/CVE-2019-1653.txt	https://www.cisa.gov/sites/default/files/feeds/known_exploited_vulnerabilities.json
kev/CVE-2018-0296.txt	https://www.cisa.gov/sites/default/files/feeds/known_exploited_vulnerabilities.json
kev/CVE-2019-13608.txt	https://www.cisa.gov/sites/default/files/feeds/known_exploited_vulnerabilities.json
kev/CVE-2020-8193.txt	https://www.cisa.gov/sites/default/files/feeds/known_exploited_vulnerabilities.json
kev/CVE-2020-8195.txt	https://www.cisa.gov/sites/default/files/feeds/known_exploited_vulnerabilities.json
kev/CVE-2020-8196.txt	https://www.cisa.gov/sites/default/files/feeds/known_exploited_vulnerabilities.json
kev/CVE-2019-19781.txt	https://www.cisa.gov/sites/default/files/feeds/known_exploited_vulnerabilities.json
kev/CVE-2019-11634.txt	https://www.cisa.gov/sites/default/files/feeds/known_exploited_vulnerabilities.json
kev/CVE-2020-29557.txt	https://www.cisa.gov/sites/default/files/feeds/known_exploited_vulnerabilities.json
kev/CVE-2020-25506.txt	https://www.cisa.gov/sites/default/files/feeds/known_exploited_vulnerabilities.json
kev/CVE-2018-15811.txt	https://www.cisa.gov/sites/default/files/feeds/known_exploited_vulnerabilities.json
kev/CVE-2018-18325.txt	https://www.cisa.gov/sites/default/files/feeds/known_exploited_vulnerabilities.json
kev/CVE-2017-9822.txt	https://www.cisa.gov/sites/default/files/feeds/known_exploited_vulnerabilities.json
kev/CVE-2019-15752.txt	https://www.cisa.gov/sites/default/files/feeds/known_exploited_vulnerabilities.json
kev/CVE-2020-8515.txt	https://www.cisa.gov/sites/default/files/feeds/known_exploited_vulnerabilities.json
kev/CVE-2018-7600.txt	https://www.cisa.gov/sites/default/files/feeds/known_exploited_vulnerabilities.json
kev/CVE-2021-22205.txt	https://www.cisa.gov/sites/default/files/feeds/known_exploited_vulnerabilities.json
kev/CVE-2018-6789.txt	https://www.cisa.gov/sites/default/files/feeds/known_exploited_vulnerabilities.json
kev/CVE-2020-8657.txt	https://www.cisa.gov/sites/default/files/feeds/known_exploited_vulnerabilities.json
kev/CVE-2020-8655.txt	https://www.cisa.gov/sites/default/files/feeds/known_exploited_vulnerabilities.json
kev/CVE-2020-5902.txt	https://www.cisa.gov/sites/default/files/feeds/known_exploited_vulnerabilities.json
kev/CVE-2021-22986.txt	https://www.cisa.gov/sites/default/files/feeds/known_exploited_vulnerabilities.json
kev/CVE-2021-35464.txt	https://www.cisa.gov/sites/default/files/feeds/known_exploited_vulnerabilities.json
kev/CVE-2019-5591.txt	https://www.cisa.gov/sites/default/files/feeds/known_exploited_vulnerabilities.json
kev/CVE-2020-12812.txt	https://www.cisa.gov/sites/default/files/feeds/known_exploited_vulnerabilities.json
kev/CVE-2018-13379.txt	https://www.cisa.gov/sites/default/files/feeds/known_exploited_vulnerabilities.json
kev/CVE-2020-16010.txt	https://www.cisa.gov/sites/default/files/feeds/known_exploited_vulnerabilities.json
kev/CVE-2020-15999.txt	https://www.cisa.gov/sites/default/files/feeds/known_exploited_vulnerabilities.json
kev/CVE-2021-21166.txt	https://www.cisa.gov/sites/default/files/feeds/known_exploited_vulnerabilities.json
kev/CVE-2020-16017.txt	https://www.cisa.gov/sites/default/files/feeds/known_exploited_vulnerabilities.json
kev/CVE-2021-37976.txt	https://www.cisa.gov/sites/default/files/feeds/known_exploited_vulnerabilities.json
kev/CVE-2020-16009.txt	https://www.cisa.gov/sites/default/files/feeds/known_exploited_vulnerabilities.json
kev/CVE-2021-30632.txt	https://www.cisa.gov/sites/default/files/feeds/known_exploited_vulnerabilities.json
kev/CVE-2020-16013.txt	https://www.cisa.gov/sites/default/files/feeds/known_exploited_vulnerabilities.json
kev/CVE-2021-30633.txt	https://www.cisa.gov/sites/default/files/feeds/known_exploited_vulnerabilities.json
kev/CVE-2021-21148.txt	https://www.cisa.gov/sites/default/files/feeds/known_exploited_vulnerabilities.json
kev/CVE-2021-37973.txt	https://www.cisa.gov/sites/default/files/feeds/known_exploited_vulnerabilities.json
kev/CVE-2021-30551.txt	https://www.cisa.gov/sites/default/files/feeds/known_exploited_vulnerabilities.json
kev/CVE-2021-37975.txt	https://www.cisa.gov/sites/default/files/feeds/known_exploited_vulnerabilities.json
kev/CVE-2020-6418.txt	https://www.cisa.gov/sites/default/files/feeds/known_exploited_vulnerabilities.json
kev/CVE-2021-30554.txt	https://www.cisa.gov/sites/default/files/feeds/known_exploited_vulnerabilities.json
kev/CVE-2021-21206.txt	https://www.cisa.gov/sites/default/files/feeds/known_exploited_vulnerabilities.json
kev/CVE-2021-38000.txt	https://www.cisa.gov/sites/default/files/feeds/known_exploited_vulnerabilities.json
kev/CVE-2021-38003.txt	https://www.cisa.gov/sites/default/files/feeds/known_exploited_vulnerabilities.json
kev/CVE-2021-21224.txt	https://www.cisa.gov/sites/default/files/feeds/known_exploited_vulnerabilities.json
kev/CVE-2021-21193.txt	https://www.cisa.gov/sites/default/files/feeds/known_exploited_vulnerabilities.json
kev/CVE-2021-21220.txt	https://www.cisa.gov/sites/default/files/feeds/known_exploited_vulnerabilities.json
kev/CVE-2021-30563.txt	https://www.cisa.gov/sites/default/files/feeds/known_exploited_vulnerabilities.json
kev/CVE-2020-4430.txt	https://www.cisa.gov/sites/default/files/feeds/known_exploited_vulnerabilities.json
kev/CVE-2020-4427.txt	https://www.cisa.gov/sites/default/files/feeds/known_exploited_vulnerabilities.json
kev/CVE-2020-4428.txt	https://www.cisa.gov/sites/default/files/feeds/known_exploited_vulnerabilities.json
kev/CVE-2019-4716.txt	https://www.cisa.gov/sites/default/files/feeds/known_exploited_vulnerabilities.json
kev/CVE-2016-3715.txt	https://www.cisa.gov/sites/default/files/feeds/known_exploited_vulnerabilities.json
kev/CVE-2016-3718.txt	https://www.cisa.gov/sites/default/files/feeds/known_exploited_vulnerabilities.json
kev/CVE-2020-15505.txt	https://www.cisa.gov/sites/default/files/feeds/known_exploited_vulnerabilities.json
kev/CVE-2021-30116.txt	https://www.cisa.gov/sites/default/files/feeds/known_exploited_vulnerabilities.json
kev/CVE-2020-7961.txt	https://www.cisa.gov/sites/default/files/feeds/known_exploited_vulnerabilities.json
kev/CVE-2021-23874.txt	https://www.cisa.gov/sites/default/files/feeds/known_exploited_vulnerabilities.json
kev/CVE-2021-22506.txt	https://www.cisa.gov/sites/default/files/feeds/known_exploited_vulnerabilities.json
kev/CVE-2021-22502.txt	https://www.cisa.gov/sites/default/files/feeds/known_exploited_vulnerabilities.json
kev/CVE-2014-1812.txt	https://www.cisa.gov/sites/default/files/feeds/known_exploited_vulnerabilities.json
kev/CVE-2021-38647.txt	https://www.cisa.gov/sites/default/files/feeds/known_exploited_vulnerabilities.json
kev/CVE-2016-0167.txt	https://www.cisa.gov/sites/default/files/feeds/known_exploited_vulnerabilities.json
kev/CVE-2020-0878.txt	https://www.cisa.gov/sites/default/files/feeds/known_exploited_vulnerabilities.json
kev/CVE-2021-31955.txt	https://www.cisa.gov/sites/default/files/feeds/known_exploited_vulnerabilities.json
kev/CVE-2021-1647.txt	https://www.cisa.gov/sites/default/files/feeds/known_exploited_vulnerabilities.json
kev/CVE-2021-33739.txt	https://www.cisa.gov/sites/default/files/feeds/known_exploited_vulnerabilities.json
kev/CVE-2016-0185.txt	https://www.cisa.gov/sites/default/files/feeds/known_exploited_vulnerabilities.json
kev/CVE-2020-0683.txt	https://www.cisa.gov/sites/default/files/feeds/known_exploited_vulnerabilities.json
kev/CVE-2020-17087.txt	https://www.cisa.gov/sites/default/files/feeds/known_exploited_vulnerabilities.json
kev/CVE-2021-33742.txt	https://www.cisa.gov/sites/default/files/feeds/known_exploited_vulnerabilities.json
kev/CVE-2021-31199.txt	https://www.cisa.gov/sites/default/files/feeds/known_exploited_vulnerabilities.json
kev/CVE-2021-33771.txt	https://www.cisa.gov/sites/default/files/feeds/known_exploited_vulnerabilities.json
kev/CVE-2021-31956.txt	https://www.cisa.gov/sites/default/files/feeds/known_exploited_vulnerabilities.json
kev/CVE-2021-31201.txt	https://www.cisa.gov/sites/default/files/feeds/known_exploited_vulnerabilities.json
kev/CVE-2021-31979.txt	https://www.cisa.gov/sites/default/files/feeds/known_exploited_vulnerabilities.json
kev/CVE-2020-0938.txt	https://www.cisa.gov/sites/default/files/feeds/known_exploited_vulnerabilities.json
kev/CVE-2020-17144.txt	https://www.cisa.gov/sites/default/files/feeds/known_exploited_vulnerabilities.json
kev/CVE-2020-0986.txt	https://www.cisa.gov/sites/default/files/feeds/known_exploited_vulnerabilities.json
kev/CVE-2020-1020.txt	https://www.cisa.gov/sites/default/files/feeds/known_exploited_vulnerabilities.json
kev/CVE-2021-38645.txt	https://www.cisa.gov/sites/default/files/feeds/known_exploited_vulnerabilities.json
kev/CVE-2021-34523.txt	https://www.cisa.gov/sites/default/files/feeds/known_exploited_vulnerabilities.json
kev/CVE-2017-7269.txt	https://www.cisa.gov/sites/default/files/feeds/known_exploited_vulnerabilities.json
kev/CVE-2021-36948.txt	https://www.cisa.gov/sites/default/files/feeds/known_exploited_vulnerabilities.json
kev/CVE-2021-38649.txt	https://www.cisa.gov/sites/default/files/feeds/known_exploited_vulnerabilities.json
kev/CVE-2020-0688.txt	https://www.cisa.gov/sites/default/files/feeds/known_exploited_vulnerabilities.json
kev/CVE-2017-0143.txt	https://www.cisa.gov/sites/default/files/feeds/known_exploited_vulnerabilities.json
kev/CVE-2016-7255.txt	https://www.cisa.gov/sites/default/files/feeds/known_exploited_vulnerabilities.json
kev/CVE-2019-0708.txt	https://www.cisa.gov/sites/default/files/feeds/known_exploited_vulnerabilities.json
kev/CVE-2021-34473.txt	https://www.cisa.gov/sites/default/files/feeds/known_exploited_vulnerabilities.json
kev/CVE-2020-1464.txt	https://www.cisa.gov/sites/default/files/feeds/known_exploited_vulnerabilities.json
kev/CVE-2021-1732.txt	https://www.cisa.gov/sites/default/files/feeds/known_exploited_vulnerabilities.json
kev/CVE-2021-34527.txt	https://www.cisa.gov/sites/default/files/feeds/known_exploited_vulnerabilities.json
kev/CVE-2021-31207.txt	https://www.cisa.gov/sites/default/files/feeds/known_exploited_vulnerabilities.json
kev/CVE-2019-0803.txt	https://www.cisa.gov/sites/default/files/feeds/known_exploited_vulnerabilities.json
kev/CVE-2020-1040.txt	https://www.cisa.gov/sites/default/files/feeds/known_exploited_vulnerabilities.json
kev/CVE-2021-28310.txt	https://www.cisa.gov/sites/default/files/feeds/known_exploited_vulnerabilities.json
kev/CVE-2020-1350.txt	https://www.cisa.gov/sites/default/files/feeds/known_exploited_vulnerabilities.json
kev/CVE-2021-26411.txt	https://www.cisa.gov/sites/default/files/feeds/known_exploited_vulnerabilities.json
kev/CVE-2019-0859.txt	https://www.cisa.gov/sites/default/files/feeds/known_exploited_vulnerabilities.json
kev/CVE-2021-40444.txt	https://www.cisa.gov/sites/default/files/feeds/known_exploited_vulnerabilities.json
kev/CVE-2017-8759.txt	https://www.cisa.gov/sites/default/files/feeds/known_exploited_vulnerabilities.json
kev/CVE-2018-8653.txt	https://www.cisa.gov/sites/default/files/feeds/known_exploited_vulnerabilities.json
kev/CVE-2019-0797.txt	https://www.cisa.gov/sites/default/files/feeds/known_exploited_vulnerabilities.json
kev/CVE-2021-36942.txt	https://www.cisa.gov/sites/default/files/feeds/known_exploited_vulnerabilities.json
kev/CVE-2019-1215.txt	https://www.cisa.gov/sites/default/files/feeds/known_exploited_vulnerabilities.json
kev/CVE-2018-0798.txt	https://www.cisa.gov/sites/default/files/feeds/known_exploited_vulnerabilities.json
kev/CVE-2018-0802.txt	https://www.cisa.gov/sites/default/files/feeds/known_exploited_vulnerabilities.json
kev/CVE-2012-0158.txt	https://www.cisa.gov/sites/default/files/feeds/known_exploited_vulnerabilities.json
kev/CVE-2015-1641.txt	https://www.cisa.gov/sites/default/files/feeds/known_exploited_vulnerabilities.json
kev/CVE-2021-27085.txt	https://www.cisa.gov/sites/default/files/feeds/known_exploited_vulnerabilities.json
kev/CVE-2019-0541.txt	https://www.cisa.gov/sites/default/files/feeds/known_exploited_vulnerabilities.json
kev/CVE-2017-11882.txt	https://www.cisa.gov/sites/default/files/feeds/known_exploited_vulnerabilities.json
kev/CVE-2020-0674.txt	https://www.cisa.gov/sites/default/files/feeds/known_exploited_vulnerabilities.json
kev/CVE-2021-27059.txt	https://www.cisa.gov/sites/default/files/feeds/known_exploited_vulnerabilities.json
kev/CVE-2019-1367.txt	https://www.cisa.gov/sites/default/files/feeds/known_exploited_vulnerabilities.json
kev/CVE-2017-0199.txt	https://www.cisa.gov/sites/default/files/feeds/known_exploited_vulnerabilities.json
kev/CVE-2020-1380.txt	https://www.cisa.gov/sites/default/files/feeds/known_exploited_vulnerabilities.json
kev/CVE-2019-1429.txt	https://www.cisa.gov/sites/default/files/feeds/known_exploited_vulnerabilities.json
kev/CVE-2017-11774.txt	https://www.cisa.gov/sites/default/files/feeds/known_exploited_vulnerabilities.json
kev/CVE-2020-0968.txt	https://www.cisa.gov/sites/default/files/feeds/known_exploited_vulnerabilities.json
kev/CVE-2020-1472.txt	https://www.cisa.gov/sites/default/files/feeds/known_exploited_vulnerabilities.json
kev/CVE-2021-26855.txt	https://www.cisa.gov/sites/default/files/feeds/known_exploited_vulnerabilities.json
kev/CVE-2021-26858.txt	https://www.cisa.gov/sites/default/files/feeds/known_exploited_vulnerabilities.json
kev/CVE-2021-27065.txt	https://www.cisa.gov/sites/default/files/feeds/known_exploited_vulnerabilities.json
kev/CVE-2020-1054.txt	https://www.cisa.gov/sites/default/files/feeds/known_exploited_vulnerabilities.json
kev/CVE-2021-1675.txt	https://www.cisa.gov/sites/default/files/feeds/known_exploited_vulnerabilities.json
kev/CVE-2021-34448.txt	https://www.cisa.gov/sites/default/files/feeds/known_exploited_vulnerabilities.json
kev/CVE-2020-0601.txt	https://www.cisa.gov/sites/default/files/feeds/known_exploited_vulnerabilities.json
kev/CVE-2019-0604.txt	https://www.cisa.gov/sites/default/files/feeds/known_exploited_vulnerabilities.json
kev/CVE-2020-0646.txt	https://www.cisa.gov/sites/default/files/feeds/known_exploited_vulnerabilities.json
kev/CVE-2019-0808.txt	https://www.cisa.gov/sites/default/files/feeds/known_exploited_vulnerabilities.json
kev/CVE-2021-26857.txt	https://www.cisa.gov/sites/default/files/feeds/known_exploited_vulnerabilities.json
kev/CVE-2020-1147.txt	https://www.cisa.gov/sites/default/files/feeds/known_exploited_vulnerabilities.json
kev/CVE-2019-1214.txt	https://www.cisa.gov/sites/default/files/feeds/known_exploited_vulnerabilities.json
kev/CVE-2016-3235.txt	https://www.cisa.gov/sites/default/files/feeds/known_exploited_vulnerabilities.json
kev/CVE-2019-0863.txt	https://www.cisa.gov/sites/default/files/feeds/known_exploited_vulnerabilities.json
kev/CVE-2021-36955.txt	https://www.cisa.gov/sites/default/files/feeds/known_exploited_vulnerabilities.json
kev/CVE-2021-38648.txt	https://www.cisa.gov/sites/default/files/feeds/known_exploited_vulnerabilities.json
kev/CVE-2020-6819.txt	https://www.cisa.gov/sites/default/files/feeds/known_exploited_vulnerabilities.json
kev/CVE-2020-6820.txt	https://www.cisa.gov/sites/default/files/feeds/known_exploited_vulnerabilities.json
kev/CVE-2019-17026.txt	https://www.cisa.gov/sites/default/files/feeds/known_exploited_vulnerabilities.json
kev/CVE-2019-15949.txt	https://www.cisa.gov/sites/default/files/feeds/known_exploited_vulnerabilities.json
kev/CVE-2020-26919.txt	https://www.cisa.gov/sites/default/files/feeds/known_exploited_vulnerabilities.json
kev/CVE-2019-19356.txt	https://www.cisa.gov/sites/default/files/feeds/known_exploited_vulnerabilities.json
kev/CVE-2020-2555.txt	https://www.cisa.gov/sites/default/files/feeds/known_exploited_vulnerabilities.json
kev/CVE-2012-3152.txt	https://www.cisa.gov/sites/default/files/feeds/known_exploited_vulnerabilities.json
kev/CVE-2020-14871.txt	https://www.cisa.gov/sites/default/files/feeds/known_exploited_vulnerabilities.json
kev/CVE-2015-4852.txt	https://www.cisa.gov/sites/default/files/feeds/known_exploited_vulnerabilities.json
kev/CVE-2020-14750.txt	https://www.cisa.gov/sites/default/files/feeds/known_exploited_vulnerabilities.json
kev/CVE-2020-14882.txt	https://www.cisa.gov/sites/default/files/feeds/known_exploited_vulnerabilities.json
kev/CVE-2020-14883.txt	https://www.cisa.gov/sites/default/files/feeds/known_exploited_vulnerabilities.json
kev/CVE-2020-8644.txt	https://www.cisa.gov/sites/default/files/feeds/known_exploited_vulnerabilities.json
kev/CVE-2019-18935.txt	https://www.cisa.gov/sites/default/files/feeds/known_exploited_vulnerabilities.json
kev/CVE-2021-22893.txt	https://www.cisa.gov/sites/default/files/feeds/known_exploited_vulnerabilities.json
kev/CVE-2020-8243.txt	https://www.cisa.gov/sites/default/files/feeds/known_exploited_vulnerabilities.json
kev/CVE-2021-22900.txt	https://www.cisa.gov/sites/default/files/feeds/known_exploited_vulnerabilities.json
kev/CVE-2021-22894.txt	https://www.cisa.gov/sites/default/files/feeds/known_exploited_vulnerabilities.json
kev/CVE-2020-8260.txt	https://www.cisa.gov/sites/default/files/feeds/known_exploited_vulnerabilities.json
kev/CVE-2021-22899.txt	https://www.cisa.gov/sites/default/files/feeds/known_exploited_vulnerabilities.json
kev/CVE-2019-11510.txt	https://www.cisa.gov/sites/default/files/feeds/known_exploited_vulnerabilities.json
kev/CVE-2019-11539.txt	https://www.cisa.gov/sites/default/files/feeds/known_exploited_vulnerabilities.json
kev/CVE-2021-1906.txt	https://www.cisa.gov/sites/default/files/feeds/known_exploited_vulnerabilities.json
kev/CVE-2021-1905.txt	https://www.cisa.gov/sites/default/files/feeds/known_exploited_vulnerabilities.json
kev/CVE-2020-10221.txt	https://www.cisa.gov/sites/default/files/feeds/known_exploited_vulnerabilities.json
kev/CVE-2021-35395.txt	https://www.cisa.gov/sites/default/files/feeds/known_exploited_vulnerabilities.json
kev/CVE-2017-16651.txt	https://www.cisa.gov/sites/default/files/feeds/known_exploited_vulnerabilities.json
kev/CVE-2020-11652.txt	https://www.cisa.gov/sites/default/files/feeds/known_exploited_vulnerabilities.json
kev/CVE-2020-11651.txt	https://www.cisa.gov/sites/default/files/feeds/known_exploited_vulnerabilities.json
kev/CVE-2020-16846.txt	https://www.cisa.gov/sites/default/files/feeds/known_exploited_vulnerabilities.json
kev/CVE-2018-2380.txt	https://www.cisa.gov/sites/default/files/feeds/known_exploited_vulnerabilities.json
kev/CVE-2010-5326.txt	https://www.cisa.gov/sites/default/files/feeds/known_exploited_vulnerabilities.json
kev/CVE-2016-9563.txt	https://www.cisa.gov/sites/default/files/feeds/known_exploited_vulnerabilities.json
kev/CVE-2020-6287.txt	https://www.cisa.gov/sites/default/files/feeds/known_exploited_vulnerabilities.json
kev/CVE-2020-6207.txt	https://www.cisa.gov/sites/default/files/feeds/known_exploited_vulnerabilities.json
kev/CVE-2016-3976.txt	https://www.cisa.gov/sites/default/files/feeds/known_exploited_vulnerabilities.json
kev/CVE-2019-16256.txt	https://www.cisa.gov/sites/default/files/feeds/known_exploited_vulnerabilities.json
kev/CVE-2020-10148.txt	https://www.cisa.gov/sites/default/files/feeds/known_exploited_vulnerabilities.json
kev/CVE-2021-35211.txt	https://www.cisa.gov/sites/default/files/feeds/known_exploited_vulnerabilities.json
kev/CVE-2016-3643.txt	https://www.cisa.gov/sites/default/files/feeds/known_exploited_vulnerabilities.json
kev/CVE-2020-10199.txt	https://www.cisa.gov/sites/default/files/feeds/known_exploited_vulnerabilities.json
kev/CVE-2021-20021.txt	https://www.cisa.gov/sites/default/files/feeds/known_exploited_vulnerabilities.json
kev/CVE-2019-7481.txt	https://www.cisa.gov/sites/default/files/feeds/known_exploited_vulnerabilities.json
kev/CVE-2021-20022.txt	https://www.cisa.gov/sites/default/files/feeds/known_exploited_vulnerabilities.json
kev/CVE-2021-20023.txt	https://www.cisa.gov/sites/default/files/feeds/known_exploited_vulnerabilities.json
kev/CVE-2021-20016.txt	https://www.cisa.gov/sites/default/files/feeds/known_exploited_vulnerabilities.json
kev/CVE-2020-12271.txt	https://www.cisa.gov/sites/default/files/feeds/known_exploited_vulnerabilities.json
kev/CVE-2020-10181.txt	https://www.cisa.gov/sites/default/files/feeds/known_exploited_vulnerabilities.json
kev/CVE-2017-6327.txt	https://www.cisa.gov/sites/default/files/feeds/known_exploited_vulnerabilities.json
kev/CVE-2019-18988.txt	https://www.cisa.gov/sites/default/files/feeds/known_exploited_vulnerabilities.json
kev/CVE-2017-9248.txt	https://www.cisa.gov/sites/default/files/feeds/known_exploited_vulnerabilities.json
kev/CVE-2021-31755.txt	https://www.cisa.gov/sites/default/files/feeds/known_exploited_vulnerabilities.json
kev/CVE-2020-10987.txt	https://www.cisa.gov/sites/default/files/feeds/known_exploited_vulnerabilities.json
kev/CVE-2018-14558.txt	https://www.cisa.gov/sites/default/files/feeds/known_exploited_vulnerabilities.json
kev/CVE-2018-20062.txt	https://www.cisa.gov/sites/default/files/feeds/known_exploited_vulnerabilities.json
kev/CVE-2019-9082.txt	https://www.cisa.gov/sites/default/files/feeds/known_exploited_vulnerabilities.json
kev/CVE-2019-18187.txt	https://www.cisa.gov/sites/default/files/feeds/known_exploited_vulnerabilities.json
kev/CVE-2020-8467.txt	https://www.cisa.gov/sites/default/files/feeds/known_exploited_vulnerabilities.json
kev/CVE-2020-8468.txt	https://www.cisa.gov/sites/default/files/feeds/known_exploited_vulnerabilities.json
kev/CVE-2020-24557.txt	https://www.cisa.gov/sites/default/files/feeds/known_exploited_vulnerabilities.json
kev/CVE-2020-8599.txt	https://www.cisa.gov/sites/default/files/feeds/known_exploited_vulnerabilities.json
kev/CVE-2021-36742.txt	https://www.cisa.gov/sites/default/files/feeds/known_exploited_vulnerabilities.json
kev/CVE-2021-36741.txt	https://www.cisa.gov/sites/default/files/feeds/known_exploited_vulnerabilities.json
kev/CVE-2019-20085.txt	https://www.cisa.gov/sites/default/files/feeds/known_exploited_vulnerabilities.json
kev/CVE-2020-5849.txt	https://www.cisa.gov/sites/default/files/feeds/known_exploited_vulnerabilities.json
kev/CVE-2020-5847.txt	https://www.cisa.gov/sites/default/files/feeds/known_exploited_vulnerabilities.json
kev/CVE-2019-16759.txt	https://www.cisa.gov/sites/default/files/feeds/known_exploited_vulnerabilities.json
kev/CVE-2020-17496.txt	https://www.cisa.gov/sites/default/files/feeds/known_exploited_vulnerabilities.json
kev/CVE-2019-5544.txt	https://www.cisa.gov/sites/default/files/feeds/known_exploited_vulnerabilities.json
kev/CVE-2020-3992.txt	https://www.cisa.gov/sites/default/files/feeds/known_exploited_vulnerabilities.json
kev/CVE-2020-3950.txt	https://www.cisa.gov/sites/default/files/feeds/known_exploited_vulnerabilities.json
kev/CVE-2021-22005.txt	https://www.cisa.gov/sites/default/files/feeds/known_exploited_vulnerabilities.json
kev/CVE-2020-3952.txt	https://www.cisa.gov/sites/default/files/feeds/known_exploited_vulnerabilities.json
kev/CVE-2021-21972.txt	https://www.cisa.gov/sites/default/files/feeds/known_exploited_vulnerabilities.json
kev/CVE-2021-21985.txt	https://www.cisa.gov/sites/default/files/feeds/known_exploited_vulnerabilities.json
kev/CVE-2020-4006.txt	https://www.cisa.gov/sites/default/files/feeds/known_exploited_vulnerabilities.json
kev/CVE-2020-25213.txt	https://www.cisa.gov/sites/default/files/feeds/known_exploited_vulnerabilities.json
kev/CVE-2020-11738.txt	https://www.cisa.gov/sites/default/files/feeds/known_exploited_vulnerabilities.json
kev/CVE-2019-9978.txt	https://www.cisa.gov/sites/default/files/feeds/known_exploited_vulnerabilities.json
kev/CVE-2021-27561.txt	https://www.cisa.gov/sites/default/files/feeds/known_exploited_vulnerabilities.json
kev/CVE-2021-40539.txt	https://www.cisa.gov/sites/default/files/feeds/known_exploited_vulnerabilities.json
kev/CVE-2020-10189.txt	https://www.cisa.gov/sites/default/files/feeds/known_exploited_vulnerabilities.json
kev/CVE-2019-8394.txt	https://www.cisa.gov/sites/default/files/feeds/known_exploited_vulnerabilities.json
kev/CVE-2020-29583.txt	https://www.cisa.gov/sites/default/files/feeds/known_exploited_vulnerabilities.json
source/known_exploited_vulnerabilities.json	https://www.cisa.gov/sites/default/files/feeds/known_exploited_vulnerabilities.json
